연번,지정번호,명칭,지정일,sno,mno,분류,수량/면적
3,국보제3호,서울 북한산 신라 진흥왕 순수비,1962-12-20,8,14,기록유산 / 서각류 / 금석각류 / 비,1기
4,국보제60호,청자 사자형뚜껑 향로,1962-12-20,8,14,유물/생활공예/토도자공예/청자,1점
5,국보제61호,청자 어룡형 주전자,1962-12-20,8,14,유물/생활공예/토도자공예/청자,1개
14,국보제78호,금동미륵보살반가사유상,1962-12-20,8,14,유물/불교조각/금속조/불상,1구
15,국보제79호,경주 구황동 금제여래좌상,1962-12-20,8,14,유물/불교조각/금속조/불상,1구
16,국보제80호,경주 구황동 금제여래입상,1962-12-20,8,14,유물/불교조각/금속조/불상,1구
17,국보제81호,경주 감산사 석조미륵보살입상,1962-12-20,8,14,유물/불교조각/석조/보살상,1구
18,국보제82호,경주 감산사 석조아미타여래입상,1962-12-20,8,14,유물/불교조각/석조/불상,1구
19,국보제83호,금동미륵보살반가사유상,1962-12-20,8,14,유물/불교조각/금속조/보살상,1구
20,국보제85호,금동신묘명삼존불입상,1962-12-20,8,14,유물/불교조각/금속조/불상,1구
21,국보제86호,개성 경천사지 십층석탑,1962-12-20,8,14,유적건조물/종교신앙/불교/탑,1기
22,국보제89호,평양 석암리 금제 띠고리,1962-12-20,8,14,유물/생활공예/금속공예/장신구,1개
23,국보제90호,경주 부부총 금귀걸이,1962-12-20,8,14,유물/생활공예/금속공예/장신구,1쌍
24,국보제91호,도기 기마인물형 명기,1962-12-20,8,14,유물/생활공예/토도자공예/토기,1쌍
25,국보제92호,청동 은입사 포류수금문 정병,1962-12-20,8,14,유물/불교공예/공양구/공양구,1개
26,국보제93호,백자 철화포도원숭이문 항아리,1962-12-20,8,14,유물/생활공예/토도자공예/백자,1개
27,국보제94호,청자 참외모양 병,1962-12-20,8,14,유물/생활공예/토도자공예/청자,1개
28,국보제95호,청자 투각칠보문뚜껑 향로,1962-12-20,8,14,유물/생활공예/토도자공예/청자,1점
29,국보제96호,청자 구룡형 주전자,1962-12-20,8,14,유물/생활공예/토도자공예/청자,1개
30,국보제97호,청자 음각연화당초문 매병,1962-12-20,8,14,유물/생활공예/토도자공예/청자,1개
31,국보제98호,청자 상감모란문 항아리,1962-12-20,8,14,유물/생활공예/토도자공예/청자,1개
32,국보제99호,김천 갈항사지 동ㆍ서 삼층석탑,1962-12-20,8,14,유적건조물/종교신앙/불교/탑,2기
33,국보제100호,개성 남계원지 칠층석탑,1962-12-20,8,14,유적건조물/종교신앙/불교/탑,1기
34,국보제102호,충주 정토사지 홍법국사탑,1962-12-20,8,14,유적건조물/종교신앙/불교/탑,1기
35,국보제104호,(전)원주 흥법사지 염거화상탑,1962-12-20,8,14,유적건조물/종교신앙/불교/탑,1기
36,국보제107호,백자 철화포도문 항아리,1962-12-20,5,10,유물/생활공예/토도자공예/백자,1개
37,국보제110호,이제현 초상,1962-12-20,8,14,유물/일반회화/인물화/초상화,1폭
38,국보제113호,청자 철화양류문 통형 병,1962-12-20,8,14,유물/생활공예/토도자공예/청자,1개
39,국보제114호,청자 상감모란국화문 참외모양 병,1962-12-20,8,14,유물/생활공예/토도자공예/청자,1개
40,국보제115호,청자 상감당초문 완,1962-12-20,8,14,유물/생활공예/토도자공예/청자,1개
41,국보제116호,청자 상감모란문 표주박모양 주전자,1962-12-20,8,14,유물/생활공예/토도자공예/청자,1개
42,국보제118호,금동미륵보살반가사유상,1964-03-30,8,14,유물/불교조각/금속조/불상,1구
43,국보제119호,금동연가7년명여래입상,1964-03-30,8,14,유물/불교조각/금속조/불상,1구
44,국보제125호,녹유골호(부석제외함),1967-06-21,8,14,유물/생활공예/토도자공예/녹유,1개
46,국보제127호,서울 삼양동 금동관음보살입상,1968-12-19,8,14,유물/불교조각/금속조/보살상,1구
47,국보제128호,금동관음보살입상,1968-12-19,8,14,유물/불교조각/금속조/보살상,1구
48,국보제129호,금동보살입상,1968-12-19,8,14,유물/불교조각/금속조/보살상,1구
49,국보제131호,고려말 화령부 호적관련고문서,1969-11-07,8,14,기록유산/문서류/관부문서/호적류,1축
50,국보제133호,청자 동화연화문 표주박모양 주전자,1970-12-30,8,14,유물/생활공예/토도자공예/청자,1개
51,국보제134호,금동보살삼존입상,1970-12-30,8,14,유물/불교조각/금속조/보살상,1구
53,국보제136호,금동 용두보당,1971-12-21,8,14,유물/불교공예/장엄구/장엄구,1개
54,국보제137-1호,대구 비산동 청동기 일괄-검 및 칼집 부속,1971-12-21,8,14,유물/생활공예/금속공예/무구,일괄
55,국보제137-2호,대구 비산동 청동기 일괄-투겁창 및 꺾창,1971-12-21,8,14,유물/생활공예/금속공예/무구,일괄
56,국보제138호,전 고령 금관 및 장신구 일괄,1971-12-21,8,14,유물/생활공예/금속공예/장신구,일괄
57,국보제139호,김홍도필 군선도 병풍,1971-12-21,8,14,유물/일반회화/인물화/인물화,8연폭
58,국보제140호,나전 화문 동경,1971-12-21,8,14,유물/생활공예/금속공예/장신구,1개
61,국보제145호,귀면 청동로,1972-06-24,8,14,유물/생활공예/금속공예/청동용구,1개
62,국보제146호,전 논산 청동방울 일괄,1973-03-19,8,14,유물/생활공예/금속공예/무속구,일괄
69,국보제151-3호,조선왕조실록 오대산사고본,1973-12-31,2,4,기록유산/전적류/전적류/전적류,75책
70,국보제151-4호,조선왕조실록 적상산사고본,2019-06-26,8,14,기록유산/전적류/전적류/전적류,4책(광해군일기 : 1책/ 성종?인조?효종실록 : 3책)
74,국보제155호,무령왕비 금제관식,1974-07-09,8,14,유물/생활공예/금속공예/장신구,1쌍
75,국보제166호,백자 철화매죽문 항아리,1974-07-09,8,14,유물/생활공예/토도자공예/백자,1개
76,국보제167호,청자 인물형 주전자,1974-07-09,8,14,유물/생활공예/토도자공예/청자,1개
77,국보제168호,백자 동화매국문 병,1974-07-09,8,14,유물/생활공예/토도자공예/백자,1개
78,국보제169호,청자 양각죽절문 병,1974-07-09,8,14,유물/생활공예/토도자공예/청자,1개
79,국보제170호,백자 청화매조죽문 유개항아리,1974-07-09,8,14,유물/생활공예/토도자공예/백자,1개
80,국보제171호,청동 은입사 봉황문 합,1974-07-09,8,14,유물/생활공예/금속공예/청동용구,1개
81,국보제172호,진양군영인정씨묘출토유물,1974-07-09,8,14,유물/생활공예/토도자공예/백자,3개
83,국보제174호,금동 수정 장식 촛대,1974-07-09,8,14,유물/생활공예/금속공예/생활용구,1쌍
84,국보제175호,백자 상감연화당초문 대접,1974-07-09,8,14,유물/생활공예/토도자공예/백자,1개
85,국보제176호,백자 청화‘홍치2년’명 송죽문 항아리,1974-07-09,3,8,유물/생활공예/토도자공예/백자,1개
87,국보제178호,분청사기 음각어문 편병,1974-07-09,8,14,유물/생활공예/토도자공예/분청,1개
88,국보제179호,분청사기박지연어문편병,1974-07-09,1,1,유물 / 생활공예 / 토도자공예 / 분청,1개
89,국보제180호,김정희필 세한도,1974-12-31,8,14,유물/일반회화/산수화/산수화,1축
90,국보제185호,상지은니묘법연화경,1976-04-23,8,14,기록유산/전적류/필사본/사경,7권7첩
91,국보제186호,양평 신화리 금동여래입상,1976-12-14,8,14,유물/불교조각/금속조/불상,1구
92,국보제191호,황남대총 북분 금관,1978-12-07,8,14,유물/생활공예/금속공예/장신구,일괄
93,국보제192호,황남대총 북분 금제 허리띠,1978-12-07,8,14,유물/생활공예/금속공예/장신구,1식
94,국보제193호,경주 98호 남분 유리병 및 잔,1978-12-07,8,14,유물,일괄
95,국보제194호,황남대총 남분 금목걸이,1978-12-07,8,14,유물/생활공예/금속공예/장신구,1식
96,국보제196호,신라백지묵서대방광불화엄경 주본 권1~10/ 44~50,1979-02-08,8,14,기록유산/전적류/필사본/사경,2축
100,국보제209호,보협인석탑,1982-12-07,3,8,유적건조물/종교신앙/불교/탑,1기
101,국보제210호,감지은니불공견삭신변진언경 권13,1984-05-30,8,14,기록유산/전적류/필사본/사경,1권1축
102,국보제211호,백지묵서묘법연화경,1984-05-30,1,1,기록유산/전적류/필사본/사경,7권7첩
104,국보제213호,금동탑,1984-08-06,8,14,유물/불교공예/장엄구/장엄구,1점
105,국보제214호,흥왕사명 청동 은입사 향완,1984-08-06,8,14,유물/불교공예/공양구/공양구,1점
106,국보제215호,감지은니대방광불화엄경 정원본 권31,1984-08-06,8,14,기록유산/전적류/필사본/사경,1권1축
107,국보제216호,정선필 인왕제색도,1984-08-06,8,14,유물/일반회화/산수화/산수화,1축
108,국보제217호,정선필 금강전도,1984-08-06,8,14,유물/일반회화/산수화/산수화,1축
109,국보제218호,아미타삼존도,1984-08-06,8,14,유물/불교회화/탱화/불도,1폭
110,국보제219호,백자 청화매죽문 항아리,1984-08-06,8,14,유물/생활공예/토도자공예/백자,1개
111,국보제220호,청자 상감용봉모란문 합 및 탁,1984-08-06,8,14,유물/생활공예/토도자공예/청자,1조
112,국보제222호,백자 청화매죽문 유개항아리,1984-12-07,1,1,유물/생활공예/토도자공예/백자,1개
118,국보제228호,천상열차분야지도 각석,1985-08-09,2,4,유물/과학기술/천문지리기구/천문,1점
121,국보제234호,감지은니묘법연화경,1986-11-29,8,14,기록유산/전적류/필사본/사경,7권7첩
122,국보제235호,감지금니대방광불화엄경보현행원품,1986-11-29,8,14,기록유산/전적류/필사본/사경,1권 1첩
125,국보제239호,송시열초상,1987-12-26,8,14,유물/일반회화/인물화/초상화,1폭
126,국보제241호,초조본 대반야바라밀다경 권249,1988-06-16,8,14,기록유산/전적류/목판본/대장도감본,1권1축
127,국보제243호,초조본 현양성교론 권11,1988-12-28,8,14,기록유산/전적류/목판본/대장도감본,1권 1축
128,국보제245호,초조본 신찬일체경원품차록 권20,1988-12-28,8,14,기록유산/전적류/목판본/대장도감본,1권 1축
129,국보제246호,초조본 대보적경 권59,1988-12-28,8,14,기록유산/전적류/목판본/대장도감본,1권 1축
133,국보제252호,청자 음각‘효문’명 연화문 매병,1990-05-21,8,14,유물/생활공예/토도자공예/청자,1점
134,국보제253호,청자 양각연화당초상감모란문 은테 발,1990-05-21,8,14,유물/생활공예/토도자공예/청자,1점
136,국보제255호,전 덕산 청동방울 일괄,1990-05-21,8,14,유물/생활공예/금속공예/마구,일괄
137,국보제258호,백자 청화죽문 각병,1991-01-25,8,14,유물/생활공예/토도자공예/백자,1점
138,국보제259호,분청사기 상감운룡문 항아리,1991-01-25,8,14,유물/생활공예/토도자공예/분청,1점
139,국보제260호,분청사기 박지철채모란문 자라병,1991-01-25,8,14,유물/생활공예/토도자공예/분청,1점
140,국보제261호,백자 유개항아리,1991-01-25,8,14,유물/생활공예/토도자공예/백자,2점
142,국보제266호,초조본 대방광불화엄경 주본 권2/75,1991-07-12,1,1,기록유산/전적류/목판본/대장도감본,2권2축
143,국보제267호,초조본 아비달마식신족론 권12,1991-07-12,1,1,기록유산/전적류/목판본/대장도감본,1권1축
144,국보제268호,초조본 아비담비파사론 권11/ 17,1991-07-12,1,1,기록유산/전적류/목판본/대장도감본,2권2축
145,국보제269호,초조본 불설최상근본대락금강불공삼매대교왕경 권6,1991-07-12,1,1,기록유산/전적류/목판본/대장도감본,1권1축
147,국보제271호,초조본 현양성교론 권12,1992-04-20,8,14,기록유산/전적류/목판본/대장도감본,1권1축
148,국보제272호,초조본 유가사지론 권32,1992-04-20,8,14,기록유산/전적류/목판본/대장도감본,1권1축
149,국보제273호,초조본 유가사지론 권15,1992-07-28,8,14,기록유산/전적류/목판본/대장도감본,1권1축
150,국보제280호,성거산 천흥사명 동종,1993-09-10,8,14,유물/불교공예/의식법구/의식법구,1구
151,국보제281호,백자 병형 주전자,1993-09-10,1,1,유물/생활공예/토도자공예/백자,1점
153,국보제286호,백자 ‘천’ ‘지’ ‘현’ ‘황‘명 발,1995-12-04,8,14,유물/생활공예/토도자공예/백자,4점
159,국보제306-3호,삼국유사 권1~2,2018-02-22,5,11,기록유산/전적류/목판본,2권 1책
160,국보제309호,백자 달항아리,2007-12-17,8,14,유물/생활공예/토도자공예/백자,1점
161,국보제310호,백자 달항아리,2007-12-17,2,4,유물/생활공예/토도자공예/백자,1점
165,국보제325호,기사계첩,2019-03-06,8,14,유물/일반회화/기록화/계회도,1첩 (50면)
166,국보제326호,청자 ‘순화4년’명 항아리,2019-05-02,5,10,유물/생활공예/토도자공예/청자,1개
168,보물제2호,옛 보신각 동종,1963-01-21,8,14,유물/불교공예/의식법구/의식법구,1구
169,보물제3호,서울 원각사지 대원각사비,1963-01-21,2,4,기록유산/서각류/금석각류/비,1기
172,보물제142호,서울 동관왕묘,1963-01-21,2,4,유적건조물/정치국방/궁궐·관아/사우,일곽
173,보물제166호,서울 홍제동 오층석탑,1963-01-21,8,14,유적건조물/종교신앙/불교/탑,1기
174,보물제177호,사직단 대문,1963-01-21,2,4,유적건조물/정치국방/궁궐·관아/제단,1동
175,보물제190호,원주 거돈사지 원공국사탑,1963-01-21,8,14,유적건조물/종교신앙/불교/탑,1기
176,보물제215호,서울 북한산 구기동 마애여래좌상,1963-01-21,2,4,유물/불교조각/석조/불상,1구
177,보물제235호,서울 장의사지 당간지주,1963-01-21,2,4,유적건조물/종교신앙/불교/당간,1기
179,보물제240호,백자 청화투각모란당초문 항아리,1963-01-21,8,14,유물/생활공예/토도자공예/백자,1개
180,보물제259호,남양주 수종사 사리탑 사리장엄구,1963-01-21,2,6,유물/불교공예/기타/기타,일괄(3점)
181,보물제269-1호,감지은니묘법연화경 권1,1963-01-21,8,14,기록유산/전적류/필사본/사경,1첩
182,보물제269-2호,감지은니묘법연화경 권2/ 4/ 5/ 6,1963-09-02,2,4,기록유산/전적류/필사본/사경,4권4첩
183,보물제269-4호,감지은니묘법연화경 권7,2007-10-24,8,14,기록유산/전적류/필사본/사경,1권 1첩
184,보물제270호,감지금니묘법연화경 권6,1963-01-21,8,14,기록유산/전적류/필사본/사경,1첩
185,보물제278호,백지묵서묘법연화경,1963-01-21,2,6,기록유산/전적류/필사본/사경,7권 7첩
186,보물제282호,여주 고달사지 쌍사자 석등,1963-01-21,8,14,유적건조물/종교신앙/불교/석등,1기
192,보물제321호,봉은사 청동 은입사 향완,1963-01-21,2,6,유물/불교공예/공양구/공양구,1점
193,보물제328호,금동약사여래입상,1963-01-21,8,14,유물/불교조각/금속조/불상,1구
194,보물제329호,부여 군수리 석조여래좌상,1963-01-21,8,14,유물/불교조각/석조/불상,1구
195,보물제331호,금동미륵보살반가사유상,1963-01-21,8,14,유물/불교조각/금속조/보살상,1구
196,보물제332호,하남 하사창동 철조석가여래좌상,1963-01-21,8,14,유물/불교조각/금속조/불상,1구
197,보물제333호,금동보살입상,1963-01-21,8,14,유물/불교조각/금속조/보살상,1구
198,보물제338호,금령총금관,1963-01-21,8,14,유물/생활공예/금속공예/장신구,1구
199,보물제340호,청자 철채퇴화삼엽문 매병,1963-01-21,8,14,유물,1개
200,보물제342호,청자 음각모란 상감보자기문 유개매병,1963-01-21,8,14,유물/생활공예/토도자공예/청자,1개
201,보물제343호,부여 외리 문양전 일괄,1963-01-21,8,14,유물/생활공예/토도자공예/와전,8매
202,보물제344호,청자 양각갈대기러기문 정병,1963-01-21,8,14,유물/생활공예/토도자공예/청자,1개
203,보물제345호,백자 상감모란문 매병,1963-01-21,8,14,유물/생활공예/토도자공예/백자,1개
204,보물제346호,청자 상감동채모란문 매병,1963-01-21,8,14,유물/생활공예/토도자공예/청자,1개
205,보물제347호,분청사기 상감어문 매병,1963-01-21,8,14,유물/생활공예/토도자공예/청자,1개
208,보물제351호,(전)양평 보리사지 대경대사탑,1963-01-21,5,10,유적건조물/종교신앙/불교/탑,1기
209,보물제352호,감지은니묘법연화경 권7,1963-01-21,5,10,기록유산/전적류/필사본/사경,1책
210,보물제358호,원주 영전사지 보제존자탑,1963-01-21,8,14,유적건조물/종교신앙/불교/탑,2기
211,보물제359호,충주 정토사지 홍법국사탑비,1963-01-21,8,14,기록유산/서각류/금석각류/비,1기
212,보물제360호,제천 월광사지 원랑선사탑비,1963-01-21,8,14,기록유산/서각류/금석각류/비,1기
213,보물제361호,양평 보리사지 대경대사탑비,1963-01-21,8,14,기록유산/서각류/금석각류/비,1기
214,보물제362호,창원 봉림사지 진경대사탑,1963-01-21,8,14,유적건조물/종교신앙/불교/탑,1기
215,보물제363호,창원 봉림사지 진경대사탑비,1963-01-21,8,14,기록유산/서각류/금석각류/비,1기
216,보물제365호,원주 흥법사지 진공대사탑 및 석관,1963-01-21,8,14,유적건조물/종교신앙/불교/탑,1기1구
221,보물제390호,천안 광덕사 고려사경,1963-09-02,2,6,기록유산/전적류/필사본/사경,2첩
224,보물제401호,금동여래입상,1964-09-03,8,14,유물/불교조각/금속조/불상,1구
225,보물제416호,청자 투각고리문 의자,1965-04-01,5,10,유물/생활공예/토도자공예/청자,4개
227,보물제418호,제왕운기,1965-04-01,2,4,기록유산/전적류/목판본/관판본,2권1책
230,보물제452호,청자 구룡형 주전자,1967-06-21,8,14,유물/생활공예/토도자공예/청자,1개
231,보물제453호,도기 녹유 탁잔,1967-06-21,8,14,유물/생활공예/토도자공예/녹유,1개
232,보물제454호,경주 노서동 금팔찌,1967-06-21,8,14,유물/생활공예/금속공예/장신구,1쌍
233,보물제455호,경주 노서동 금귀걸이,1967-06-21,8,14,유물/생활공예/금속공예/장신구,1쌍
234,보물제456호,경주 노서동 금목걸이,1967-06-21,8,14,유물/생활공예/금속공예/장신구,1련
236,보물제515호,숙신옹주 가옥허여문기,1969-07-30,8,14,기록유산/문서류/민간문서/분재기류,1건
237,보물제522호,강세황필 도산서원도,1970-08-27,8,14,유물/일반회화/산수화/산수화,1폭
240,보물제523-3호,석보상절 권11,1970-12-30,8,14,기록유산/전적류/활자본/금속활자본,1책
241,보물제527호,김홍도필 풍속도 화첩,1970-12-30,8,14,유물/일반회화/풍속화/풍속화,1첩
242,보물제547-1호,김정희 종가 유물,1971-09-01,8,14,유물/일반회화/인물화/초상화,일괄
246,보물제555호,도기 배모양 명기,1971-12-21,8,14,유물/생활공예/토도자공예/토기,1개
247,보물제556호,도기 신발모양 명기,1971-12-21,8,14,유물/생활공예/토도자공예/토기,1쌍
248,보물제557호,금귀걸이,1971-12-21,8,14,유물/생활공예/금속공예/장신구,1쌍
249,보물제558호,청자 상감운학모란국화문 매병,1971-12-21,8,14,유물/생활공예/토도자공예/청자,1개
250,보물제559호,채화칠기,1971-12-21,8,14,유물/생활공예/칠공예/칠공예,1개
251,보물제560호,청동 진솔선예백장 인장,1971-12-21,8,14,유물/생활공예/금속공예/생활용구,1개
253,보물제568-1호,윤봉길의사 유품,1972-08-16,8,14,기록유산/문서류/문서류/문서류,1매/ 1책(17매)
255,보물제569-2호,안중근의사유묵-일일부독서구중생형극,1972-08-16,3,8,기록유산/서간류/서예/서예,1점
256,보물제569-3호,안중근의사유묵-연년세세화상사세세연년인부동,1972-08-16,8,14,기록유산/서간류/서예/서예,1점
257,보물제569-4호,안중근의사유묵-치악의악식자부족여의,1972-08-16,2,4,기록유산/서간류/서예/서예,1점
259,보물제569-7호,안중근의사유묵-용공난용연포기재,1972-08-16,8,14,기록유산/서간류/서예/서예,1점
260,보물제569-9호,안중근의사우묵-오노봉위필삼상작연지청천일장지사아복중시,1972-08-16,4,9,기록유산/서간류/서예/서예,1점
262,보물제569-10호,안중근의사유묵-세한연후지송백지부조,1972-08-16,2,4,기록유산/서간류/서예/서예,1점
264,보물제569-13호,안중근의사유묵-박학어문약지이례,1972-08-16,2,4,기록유산/서간류/서예/서예,1점
266,보물제569-17호,안중근의사유묵-인지당,1972-08-16,8,14,기록유산/서간류/서예/서예,1점
268,보물제569-19호,안중근의사유묵-극락,1972-08-16,2,4,기록유산/서간류/서예/서예,1점
269,보물제569-20호,안중근의사유묵-운재,1972-08-16,2,4,기록유산/서간류/서예/서예,1점
270,보물제569-22호,안중근의사유묵-국가안위노심초사,1993-01-15,2,4,기록유산/서간류/서예/서예,1점
271,보물제569-23호,안중근의사유묵-위국헌신군인본분,1993-01-15,2,4,기록유산/서간류/서예/서예,1점
272,보물제569-25호,안중근의사유묵-언충신행독경만방가행,2003-04-14,2,4,기록유산/서간류/서예/서예,1점
273,보물제570호,전 고령 일괄 유물,1973-03-19,8,14,유물/생활공예/토도자공예/토기,일괄
275,보물제576호,봉업사명 청동북,1973-12-31,5,11,유물/불교공예/의식법구/의식법구,1개
276,보물제577호,분청사기 상감‘정통5년’명 어문 반형 묘지,1974-07-09,8,14,유물/생활공예/토도자공예/분청,1개
279,보물제585호,퇴우이선생진적,1975-05-01,8,14,기록유산/서간류/서예/서예,1첩
280,보물제588호,강민첨초상,1975-05-16,8,14,유물/일반회화/인물화/초상화,1폭
281,보물제589호,강현초상,1975-05-16,8,14,유물/일반회화/인물화/초상화,1폭
282,보물제590호,강세황초상,1975-05-16,8,14,유물/일반회화/인물화/초상화,2폭
283,보물제591호,석씨원류응화사적목판,1975-05-16,2,6,기록유산/서각류/목판각류/판목류,212판
284,보물제592-1호,허목수고본,1975-05-16,8,14,기록유산/전적류/필사본,3종 12책
287,보물제593호,이상좌불화첩,1975-05-16,8,14,기록유산/전적류/전적류/전적류,1책
288,보물제624호,황남대총 북분 유리잔,1978-12-07,8,14,유물/생활공예/옥석공예/석공예,1개
289,보물제627호,황남대총 북분 은잔,1978-12-07,8,14,유물/생활공예/금속공예/생활용구,1개
290,보물제629호,황남대총 남분 금제 허리띠,1978-12-07,8,14,유물/생활공예/금속공예/장신구,1식
291,보물제630호,황남대총 남분 금제 관식,1978-12-07,8,14,유물/생활공예/금속공예/장신구,1식
292,보물제638호,기사계첩,1978-12-07,5,10,유물/일반회화/기록화/계회도,1첩
295,보물제642호,고구려 평양성 석편,1978-12-07,5,10,기록유산/서각류/금석각류/석각류,일괄
296,보물제643호,금동미륵보살반가사유상,1978-12-07,8,14,유물/불교조각/석조/보살상,1구
297,보물제644호,백자 청화송죽인물문 항아리,1978-12-07,5,10,유물/생활공예/토도자공예/백자,1개
298,보물제645호,백자 철화운룡문 항아리,1978-12-07,5,10,유물/생활공예/토도자공예/백자,1개
299,보물제648호,승자총통,1978-12-07,8,14,유물/과학기술/무기병기류/병장기류,1구
300,보물제653호,자수 사계분경도,1979-02-08,6,12,유물/일반회화/영모화조화/화조화,1첩
311,보물제691호,불정심관세음보살대다라니경,1981-03-18,8,14,기록유산/전적류/목판본/사찰본,3첩
312,보물제692-2호,묘법연화경 권7,1981-03-18,8,14,기록유산/전적류/목판본/사찰본,1권1첩
313,보물제693호,묘법연화경,1981-03-18,8,14,기록유산/전적류/목판본/사찰본,7권2책
314,보물제694-1호,불조삼경,1981-03-18,8,14,기록유산/전적류/목판본/사찰본,1권1책
315,보물제695호,불조삼경,1981-03-18,8,14,기록유산/전적류/목판본/사찰본,1권1책
317,보물제697호,나옹화상어록 및 나옹화상가송,1981-03-18,8,14,기록유산/전적류/목판본/사찰본,2책
318,보물제698호,대불정여래밀인수증요의제보살만행수능엄경 권6∼10,1981-03-18,8,14,기록유산/전적류/목판본/사찰본,5권1책
320,보물제700-1호,선림보훈,1981-03-18,8,14,기록유산/전적류/목판본/사찰본,2권 1책
321,보물제701호,불설장수멸죄호제동자경,1981-03-18,8,14,기록유산/전적류/목판본/사찰본,1첩
323,보물제703-1호,장승법수,1981-03-18,8,14,기록유산/전적류/목판본/사찰본,1책
324,보물제703-2호,장승법수,2012-08-24,2,4,기록유산/전적류/목판본/사찰본,불분권 1책(不分卷 1冊)
326,보물제705호,불설대보부모은중경,1981-03-18,8,14,기록유산/전적류/목판본/사찰본,1첩
341,보물제740호,감지은니보살선계경 권8,1982-12-07,3,8,기록유산/전적류/필사본/사경,1권
342,보물제741호,전 대구 동화사 비로암 삼층석탑 납석사리호,1982-12-07,3,8,유물/불교공예/사리장치/사리장치,1점
343,보물제742호,삼존불비상,1982-12-07,3,8,유물/불교조각/석조/불상,1구
344,보물제743호,정조필 파초도,1982-12-07,3,8,유물/일반회화/영모화조화/화조화,1폭
345,보물제744호,정조필 국화도,1982-12-07,3,8,유물/일반회화/영모화조화/화조화,1폭
348,보물제745-3호,월인석보 권9/10,1983-05-07,8,15,기록유산/전적류/목판본/관판본,2권 2책
350,보물제745-6호,월인석보 권21,1983-05-07,8,14,기록유산/전적류/목판본/관판본,1권 2책
351,보물제745-7호,월인석보 권22,1983-05-07,2,4,기록유산/전적류/목판본/관판본,1권 1책
352,보물제745-8호,월인석보 권23,1983-05-07,2,4,기록유산/전적류/목판본/관판본,1권 1책
353,보물제745-11호,월인석보 권20,2006-01-17,8,14,기록유산/전적류/목판본/관판본,1권 1책
355,보물제751호,감지은니대방광불화엄경 정원본 권34,1984-05-30,1,1,기록유산/전적류/필사본/사경,1권 1축
356,보물제752호,감지금니대방광불화엄경입불사의해탈경계보현행원품,1984-05-30,1,1,기록유산/전적류/필사본/사경,2권 1첩
357,보물제753호,상지금니대방광원각수다라요의경,1984-05-30,1,1,기록유산/전적류/필사본/사경,2권 1첩
358,보물제754호,감지은니대방광불화엄경 주본 권37,1984-05-30,1,1,기록유산/전적류/필사본/사경,1권 1첩
359,보물제755호,감지은니대방광불화엄경 주본 권5~6,1984-05-30,1,1,기록유산/전적류/필사본/사경,2권 1첩
360,보물제756호,감지금니대불정여래밀인수증요의제보살만행수능엄경 권7,1984-05-30,1,1,기록유산/전적류/필사본/사경,1권1첩
361,보물제758-1호,남명천화상송증도가,1984-05-30,2,4,기록유산/전적류/목판본/관판본,1책
362,보물제759호,대불정여래밀인수증요의제보살만행수능엄경,1984-05-30,8,14,기록유산/전적류/목판본/사찰본,10권 5책
373,보물제767-4호,몽산화상법어약록(언해),2017-03-08,8,14,기록유산/전적류/목판본,1책(71장)
381,보물제776호,환두대도,1984-08-06,8,14,유물/생활공예/금속공예/장신구,1개
382,보물제777호,금동 자물쇠 일괄,1984-08-06,8,14,유물/생활공예/금속공예/생활용구,4점
383,보물제778호,청동은입사포류수금문향완,1984-08-06,8,14,유물/불교공예/공양구/공양구,1점
384,보물제779호,금동여래입상,1984-08-06,8,14,유물/불교조각/금속조/불상,1구
385,보물제780호,금동보살입상,1984-08-06,8,14,유물/불교조각/금속조/보살상,1구
386,보물제781호,금동용두토수,1984-08-06,8,14,유물/생활공예/금속공예/장신구,1점
387,보물제782호,김홍도필 병진년 화첩,1984-08-06,8,14,유물/일반회화/풍속화/풍속화,2첩(20면)
388,보물제783호,김시필 동자견려도,1984-08-06,8,14,유물/일반회화/풍속화/풍속화,1폭
389,보물제784호,지장도,1984-08-06,8,14,유물/불교회화/탱화/보살도,1폭
390,보물제785호,백자 청화운룡문 병,1984-08-06,8,14,유물/생활공예/토도자공예/백자,1개
391,보물제786호,백자 청화운룡문 병,1984-08-06,8,14,유물/생활공예/토도자공예/백자,1개
392,보물제787호,분청사기 철화어문 항아리,1984-08-06,8,14,유물/생활공예/토도자공예/분청,1개
393,보물제788호,백자 청화잉어문 항아리,1984-08-06,8,14,유물/생활공예/토도자공예/백자,1개
394,보물제789호,청자 쌍사자형 베개,1984-08-06,8,14,유물/생활공예/토도자공예/청자,1개
396,보물제806호,백자 반합,1984-12-07,1,1,유물/생활공예/토도자공예/백자,1개
397,보물제807호,백자 상감모란문 병,1984-12-07,1,1,유물/생활공예/토도자공예/백자,1개
398,보물제808호,금동탄생불입상,1984-12-07,1,1,유물/불교조각/금속조/불상,1구
412,보물제837호,복각천상열차분야지도 각석,1985-08-09,2,4,유물/과학기술/천문지리기구/천문,1점
414,보물제839호,신법 지평일구,1985-08-09,2,4,유물/과학기술/천문지리기구/지리,1기
415,보물제840호,신법 지평일구,1985-08-09,2,4,유물/과학기술/천문지리기구/지리,1기
416,보물제841호,간평일구·혼개일구,1985-08-09,2,4,유물/과학기술/천문지리기구/지리,1기
419,보물제844호,창덕궁 측우대,1985-08-09,2,4,유물/과학기술/계측교역기술용구/도량형,1기
420,보물제845호,앙부일구,1985-08-09,2,4,유물/과학기술/계측교역기술용구/도량형,2기
425,보물제850-2호,대동여지도,2002-12-07,2,3,유물/과학기술/천문지리기구/지리,1조(21첩)
427,보물제851호,창경궁 관천대,1985-08-09,2,4,유물/과학기술/천문지리기구/천문,1기
428,보물제852호,휴대용 앙부일구,1986-03-14,8,14,유물/과학기술/계측교역기술용구/도량형,1점
432,보물제856호,소총통,1986-03-14,2,4,유물/과학기술/무기병기류/병장기류,1점
434,보물제860호,비격진천뢰,1986-03-14,2,4,유물/과학기술/무기병기류/병장기류,1점
436,보물제861-2호,불랑기자포,2012-08-24,2,3,유물/과학기술/무기병기류/병장기류,1점
440,보물제868호,성세창 제시 미원계회도,1986-10-15,8,14,유물/일반회화/기록화/계회도,1축
441,보물제869호,성세창 제시 하관계회도,1986-10-15,8,14,유물/일반회화/기록화/계회도,1축
442,보물제870호,호조낭관계회도,1986-10-15,8,14,유물/일반회화/기록화/계회도,1축
443,보물제871호,연정계회도,1986-10-15,8,14,유물/일반회화/기록화/계회도,1축
446,보물제877호,금강반야바라밀경,1986-10-15,2,4,기록유산/전적류/목판본/관판본,1권 1축
449,보물제886호,황자총통,1986-11-29,8,14,유물/과학기술/무기병기류/병장기류,1점
450,보물제887호,감지금니대반야바라밀다경 권175,1986-11-29,8,14,기록유산/전적류/필사본/사경,1권 1축
459,보물제897호,조흡 고신왕지,1986-11-29,8,14,기록유산/문서류/국왕문서/교령류,1장
462,보물제903호,청자 상감매죽학문 매병,1986-11-29,8,14,유물/생활공예/토도자공예/청자,1점
463,보물제904호,고대 그리스 청동 투구,1987-03-07,8,14,유물/생활공예/금속공예/청동용구,1개
468,보물제926호,수월관음보살도,1987-07-16,8,14,유물/불교회화/탱화/보살도,1점
469,보물제927호,금동관음보살입상,1987-07-16,8,14,유물/불교조각/금속조/보살상,1점
470,보물제928호,남양주 봉인사 부도암지 사리탑 및 사리장엄구,1987-07-29,8,14,유적건조물/종교신앙/불교/탑,일괄(1기/6점)
471,보물제932호,영조어진,1987-12-26,2,3,유물/일반회화/인물화/초상화,1폭
472,보물제933호,지장보살본원경,1987-12-26,8,14,기록유산/전적류/목판본/왕실본,3권 1책
473,보물제934호,목우자수심결 및 사법어(언해),1987-12-26,8,14,기록유산/전적류/목판본/간경도감본,1권 1책
474,보물제935호,월인석보 권11/ 12,1987-12-26,8,14,기록유산/전적류/목판본/관판본,2권 2책
475,보물제936-1호,묘법연화경 권6~7,1987-12-26,8,14,기록유산/전적류/목판본/왕실본,2권 1책
476,보물제936-2호,묘법연화경 권6~7,1987-12-26,8,14,기록유산/전적류,2권 1책
477,보물제937호,상교정본자비도량참법 권10,1987-12-26,8,14,기록유산/전적류/목판본/사찰본,1권 1첩
478,보물제938호,대방광원각약소주경 권상의2,1987-12-26,8,14,기록유산/전적류/목판본/사찰본,1권 1책
479,보물제939호,대불정여래밀인수증요의제보살만행수능엄경 권4~7/ 8~10,1987-12-26,8,14,기록유산/전적류/목판본/사찰본,7권 2책
480,보물제940호,백지묵서지장보살본원경,1987-12-26,8,14,기록유산/전적류/필사본/사경,3권(권 상/ 중/ 하) 3첩
482,보물제949호,예념미타도량참법,1988-06-16,8,14,기록유산/전적류/목판본/사찰본,10권 2책
483,보물제950호,묘법연화경 권5~7,1988-06-16,8,14,기록유산/전적류/목판본/왕실본,3권 1책
484,보물제953호,조숭 고신왕지,1988-06-16,8,14,기록유산/문서류/국왕문서/교령류,1장
485,보물제954호,조서경 무과홍패,1988-06-16,8,14,기록유산/문서류/국왕문서/교령류,1장
486,보물제967호,상설고문진보대전전집 권7~8,1988-12-28,8,14,기록유산/전적류/활자본/금속활자본,2권 1책
487,보물제968호,묘법연화경 권3,1988-12-28,8,14,기록유산/전적류/목판본/사찰본,1권 1첩
488,보물제969호,재조본 유가사지론 권64,1988-12-28,8,14,기록유산/전적류/목판본/대장도감본,1권 1축
489,보물제970호,대방광원각수다라요의경(언해) 권상 1의1/ 2의1~3/ 권하1의1~2/ 2의2~3,1988-12-28,8,14,기록유산/전적류/목판본/간경도감본,9권 5책
490,보물제971호,묘법연화경 권5~7,1988-12-28,8,14,기록유산/전적류/목판본/사찰본,3권 1책
491,보물제972호,재조본 유가사지론 권55,1988-12-28,8,14,기록유산/전적류/목판본/대장도감본,1권 1축
492,보물제973호,대불정여래밀인수증요의제보살만행수능엄경 (언해) 권4/ 7/ 8,1988-12-28,2,3,기록유산/전적류/활자본/금속활자본,3권 3책
493,보물제974호,금강반야바라밀경,1988-12-28,2,3,기록유산/전적류/목판본/사찰본,1권 1책
494,보물제975호,삼십분공덕소경,1988-12-28,2,3,기록유산/전적류/목판본/사찰본,1첩
495,보물제976호,상지은니묘법연화경 권5~6,1988-12-28,8,14,기록유산/전적류/필사본/사경,2권 1첩
496,보물제1000호,서울 승가사 석조승가대사좌상,1989-04-10,2,4,유물/불교조각/석조/명부상,1구
500,보물제1022호,청자 상감동채연화당초용문 병,1990-05-21,1,1,유물/생활공예/토도자공예/청자,1점
501,보물제1023호,청자 음각‘상약국’명 운룡문 합,1990-05-21,8,14,유물/생활공예/토도자공예/청자,1점
502,보물제1024호,청자 양각연화당초 상감운학문 완,1990-05-21,8,14,유물/생활공예/토도자공예/청자,1점
503,보물제1025호,청자 복숭아모양 연적,1990-05-21,8,14,유물/생활공예/토도자공예/청자,1점
504,보물제1026호,청자 양각도철문 방형 향로,1990-05-21,8,14,유물/생활공예/토도자공예/청자,1점
505,보물제1027호,청자 구룡형뚜껑 향로,1990-05-21,8,14,유물/생활공예/토도자공예/청자,1점
506,보물제1028호,청자 음각연화당초문 항아리,1990-05-21,8,14,유물/생활공예/토도자공예/청자,1점
507,보물제1029호,청자 상감모란문 주전자,1990-05-21,8,14,유물/생활공예/토도자공예/청자,1점
508,보물제1030호,청자 상감운학문 화분,1990-05-21,8,14,유물/생활공예/토도자공예/청자,1점
509,보물제1031호,청자 양각연지어문 화형 접시,1990-05-21,8,14,유물/생활공예/토도자공예/청자,1점
510,보물제1032호,청자 음각연화당초 상감국화문 완,1990-05-21,8,14,유물/생활공예/토도자공예/청자,1점
513,보물제1035호,청자 음각운문 병,1990-05-21,8,14,유물/생활공예/토도자공예/청자,1점
514,보물제1036호,청자 상감앵무문 표주박모양 주전자,1990-05-21,8,14,유물/생활공예/토도자공예/청자,1점
515,보물제1037호,청자 음각국화당초문 완,1990-05-21,8,14,유물/생활공예/토도자공예/청자,1점
516,보물제1038호,청자 철채양각연판문 병,1990-05-21,8,14,유물/생활공예/토도자공예/청자,1점
517,보물제1039호,청자 상감모란문 발우 및 접시,1990-05-21,8,14,유물/생활공예/토도자공예/청자,4점 (바릿대 3점/ 전접시 1점)
518,보물제1045호,신해생갑회지도,1990-09-20,8,14,유물/일반회화/풍속화/풍속화,1폭
519,보물제1046호,화개현구장도,1990-09-20,8,14,유물/일반회화/산수화/산수화,1폭
520,보물제1047호,금동대세지보살좌상,1990-09-20,1,1,유물/불교조각/금속조/보살상,1구
521,보물제1048호,지장시왕도,1990-09-20,1,1,유물/불교회화/탱화/보살도,1폭
522,보물제1054호,백자 병,1991-01-25,8,14,유물/생활공예/토도자공예/백자,1점
523,보물제1055호,백자 태항아리,1991-01-25,1,1,유물/생활공예/토도자공예/백자,2점
524,보물제1056호,백자 청화철화삼산뇌문 산뢰,1991-01-25,8,14,유물/생활공예/토도자공예/백자,1점
525,보물제1057호,백자 청화 '망우대‘명 초충문 접시,1991-01-25,8,14,유물/생활공예/토도자공예/백자,1점
526,보물제1058호,백자 청화칠보난초문 병,1991-01-25,8,14,유물/생활공예/토도자공예/백자,1점
527,보물제1059호,백자 청화초화문 필통,1991-01-25,8,14,유물/생활공예/토도자공예/백자,1점
528,보물제1060호,백자 철화끈무늬 병,1991-01-25,8,14,유물/생활공예/토도자공예/백자,1점
529,보물제1061호,백자 철채 뿔잔,1991-01-25,8,14,유물/생활공예/토도자공예/백자,1점
530,보물제1062호,분청사기 철화당초문 장군,1991-01-25,1,1,유물/생활공예/토도자공예/분청,1점
532,보물제1064호,백자 청화운룡문 항아리,1991-01-25,8,14,유물/생활공예/토도자공예/백자,1점
533,보물제1066호,백자 청화화조문 팔각통형 병,1990-05-21,8,14,유물/생활공예/토도자공예/백자,1점
534,보물제1067호,분청사기 상감연화당초문 병,1991-01-25,8,14,유물/생활공예/토도자공예/분청,1점
535,보물제1068호,분청사기 상감모란당초문 유개항아리,1991-01-25,1,1,유물/생활공예/토도자공예/분청,1점(유개)
536,보물제1069호,분청사기 음각수조문 편병,1991-01-25,8,14,유물/생활공예/토도자공예/분청,1점
537,보물제1070호,분청사기 박지모란문 장군,1991-01-25,8,14,유물/생활공예/토도자공예/분청,1점
538,보물제1071호,청자 유개항아리,1991-01-25,1,1,유물/생활공예/토도자공예/청자,1점(유개)
539,보물제1072호,초조본 불설우바새오계상경,1991-07-12,1,1,기록유산/전적류/목판본/대장도감본,1권 1축
540,보물제1073호,초조본 아비담팔건도론 권24,1991-07-12,1,1,기록유산/전적류/목판본/대장도감본,1권 1축
541,보물제1074호,초조본 아비달마식신족론 권13,1991-07-12,1,1,기록유산/전적류/목판본/대장도감본,1권 1축
542,보물제1075호,초조본 아비담비파사론 권16,1991-07-12,1,1,기록유산/전적류/목판본/대장도감본,1권 1축
543,보물제1076호,김천리개국원종공신녹권,1991-07-12,2,4,기록유산/문서류/국왕문서/교령류,1축
544,보물제1077-1호,근사록 권1~3/ 9~14,1991-07-12,8,14,기록유산/전적류/목판본/사간본,2책
545,보물제1077-2호,근사록,2006-01-17,2,4,기록유산/전적류/활자본/금속활자본,14권 4책
546,보물제1078-2호,한호 필적-석봉진적첩,2010-01-04,8,14,기록유산/서간류/서예/서예,3첩 1질
547,보물제1078-3호,한호 필적-석봉한호해서첩,2010-01-04,2,3,기록유산/서간류/서예/서예,2첩
548,보물제1079호,홍무예제,1991-07-12,8,14,기록유산/전적류/목판본/관판본,1책
549,보물제1080호,대방광원각약소주경 권상,1991-07-12,8,14,기록유산/전적류/목판본/사찰본,1책
550,보물제1081호,묘법연화경,1991-07-12,8,14,기록유산/전적류/목판본/사찰본,7권 2책
551,보물제1082호,금강반야바라밀경,1991-07-12,8,14,기록유산/전적류/목판본/사찰본,2권 1책
552,보물제1083호,대방광불화엄경 정원본 권20,1991-07-12,8,14,기록유산/전적류/목판본/사찰본,1권 1첩
557,보물제1089호,동인지문오칠 권7~9,1991-09-30,2,4,기록유산/전적류/목판본/관판본,3권 1책
558,보물제1090-1호,권근 응제시주,1991-10-04,2,4,기록유산/전적류/목판본/관판본,1책
559,보물제1091-1호,제왕운기,1991-09-30,2,4,기록유산/전적류/목판본,2권 1책
560,보물제1093호,불과환오선사벽암록,1991-09-30,2,4,기록유산/전적류/활자본/금속활자본,10권 5책
561,보물제1097호,염제신초상,1991-09-30,8,14,유물/일반회화/인물화/초상화,1폭
562,보물제1098호,감지은니미륵삼부경,1991-12-16,1,1,기록유산/전적류/필사본/사경,3권 1첩
563,보물제1099호,감지금니미륵하생경,1991-12-16,1,1,기록유산/전적류/필사본/사경,1권 1첩
564,보물제1100호,상지은니불설보우경 권2,1991-12-16,1,1,기록유산/전적류/필사본/사경,1권 1첩
565,보물제1101호,상지은니대반야바라밀다경 권305,1991-12-16,1,1,기록유산/전적류/필사본/사경,1권 1첩
566,보물제1102호,상지은니대지도론 권28,1991-12-16,1,1,기록유산/전적류/필사본/사경,1권 1첩
567,보물제1103호,감지은니대방광불화엄경 진본 권13,1991-12-16,1,1,기록유산/전적류/필사본/사경,1권 1축
568,보물제1104호,지장보살본원경,1991-12-16,1,1,기록유산/전적류/목판본/사찰본,3권 1책
569,보물제1105호,수륙무차평등재의촬요,1991-12-16,1,1,기록유산/전적류/목판본/사찰본,1권 1책
570,보물제1106호,대방광불화엄경소 권84/ 100/ 117,1991-12-16,1,1,기록유산/전적류/목판본/사찰본,3권 3첩
571,보물제1107호,묘법연화경 권5~7,1991-12-16,1,1,기록유산/전적류/목판본/왕실본,3권 1책
572,보물제1108호,불정심다라니경,1991-09-30,1,1,기록유산/전적류/목판본/왕실본,3권 1책
574,보물제1124호,대방광불화엄경소 권30,1992-04-20,8,14,기록유산/전적류/목판본/사찰본,1권 1첩
575,보물제1125호,불설대보부모은중경,1992-04-20,8,14,기록유산/전적류/목판본/왕실본,1권 1첩
576,보물제1126호,대방광불화엄경보현행원품별행소,1992-04-20,8,14,기록유산/전적류/목판본/사찰본,1권 1책
577,보물제1127호,천노해 금강반야바라밀경,1992-04-20,8,14,기록유산/전적류/목판본/사찰본,1권 1책
578,보물제1137호,상지은니대방광불화엄경 정원본 권4,1992-07-28,8,14,기록유산/전적류/필사본/사경,1권 1첩
579,보물제1138호,감지금니묘법연화경 권7,1992-07-28,8,14,기록유산/전적류/필사본/사경,1권 1첩
580,보물제1139호,백지묵서묘법연화경 권7,1992-07-28,8,14,기록유산/전적류/필사본/사경,1권 1첩
581,보물제1140호,묘법연화경(언해) 권3,1992-07-28,8,14,기록유산/전적류/목판본/간경도감본,2책
586,보물제1156호,재조본 경률이상 권8,1993-04-27,8,14,기록유산/전적류/목판본/대장도감본,1권 1첩
587,보물제1157-1호,성리대전서절요,1993-04-27,8,14,기록유산/전적류/활자본/목활자본,4권 4책
588,보물제1158호,고금운회거요 권27~30,1993-04-27,8,14,기록유산/전적류/목판본/관판본,3권 1책
589,보물제1159호,음주전문춘추괄례시말좌전구독직해 권62~70,1993-04-27,8,14,기록유산/전적류/목판본/관판본,9권 1책
590,보물제1160호,진충귀개국원종공신녹권,1993-06-15,8,14,기록유산/문서류/국왕문서/교령류,1축
591,보물제1161호,진충귀 고신왕지,1993-06-15,8,14,기록유산/문서류/국왕문서/교령류,1매
592,보물제1163호,선종영가집(언해) 권하,1993-06-15,8,15,기록유산/전적류/목판본/사찰본,1권 1책
594,보물제1166호,여주 출토 동종,1993-09-10,8,14,유물/불교공예/의식법구/의식법구,1구
595,보물제1168호,청자 상감매죽학문 매병,1993-09-10,8,14,유물/생활공예/토도자공예/청자,1점
596,보물제1169호,백자 태항아리 및 태지석,1993-09-10,1,1,유물/생활공예/토도자공예/백자,1조 (3점)
597,보물제1171호,대방광원각약소주경 권하의2,1993-09-10,1,1,기록유산/전적류/목판본/사찰본,1권 1책
598,보물제1190호,오자치 초상,1994-01-05,2,4,유물/일반회화/인물화/초상화,1폭
599,보물제1193-2호,상교정본자비도량참법 권6～10,2011-02-25,2,4,기록유산/전적류/목판본,5권1책
601,보물제1199호,유숙필 매화도,1994-05-02,8,14,유물/일반회화/영모화조화/화조화,1폭 (8첩병)
602,보물제1204호,의겸등필수월관음도,1994-07-29,8,14,유물/불교회화/탱화/보살도,1폭
603,보물제1210호,청량산괘불탱,1994-10-17,2,4,유물/불교회화/괘불화/석가불도,1폭
604,보물제1215-1호,이색초상-목은영당본,1995-03-14,2,4,유물/일반회화/인물화/초상화,2폭 <대본(大本) 1폭/ 소본(小本) 1폭>
609,보물제1228호,청자 음각용문 주전자,1995-12-04,8,14,유물/생활공예/토도자공예/청자,1점
610,보물제1229호,분청사기 음각연화문 편병,1995-12-04,8,14,유물/생활공예/토도자공예/분청,1점
611,보물제1230호,백자 상감연화당초문 병,1995-12-04,8,14,유물/생활공예/토도자공예/백자,1점
612,보물제1231호,백자 철화운죽문 항아리,1995-12-04,8,14,유물/생활공예/토도자공예/백자,1점
614,보물제1238호,아미타여래도,1996-04-04,2,4,유물/불교회화/탱화/불도,1폭
617,보물제1248호,대불정여래밀인수증요의제보살만행수능엄경 권1~4,1997-06-12,1,1,기록유산/전적류/목판본/사찰본,4권 1책
618,보물제1281-1호,자치통감 권236~238,1998-06-29,8,14,기록유산/전적류/필사본/사본류,3권 1책
619,보물제1281-2호,자치통감 권131~135/ 246~250,2012-08-24,2,3,기록유산/전적류/활자본/금속활자본,10권 2책
621,보물제1287호,지장보살삼존도,1998-10-10,2,4,유물/불교회화/탱화/보살도,1폭
625,보물제1297호,선종영가집,1999-12-15,2,3,기록유산/전적류/목판본/왕실본,2권 1책
627,보물제1318호,신·구법천문도,2001-08-03,2,5,유물/과학기술/천문지리기구/천문,8폭
628,보물제1319호,경진년대통력,2001-08-03,2,5,기록유산/전적류/활자본/목활자본,1책
629,보물제1326호,함창상원사사불회탱,2001-10-25,8,14,유물/불교회화/괘불화/사불회도,1폭
630,보물제1327호,석조지장보살좌상,2001-10-25,8,14,유물/불교조각/석조/불상,1구
631,보물제1328호,기영회도,2001-10-25,8,14,유물/일반회화/풍속화/풍속화,1폭
632,보물제1329호,백자 청화소상팔경문 팔각연적,2001-10-25,8,14,유물/생활공예/토도자공예/백자,1점
633,보물제1355호,초조본 아비달마계신족론 권하,2002-10-19,2,3,기록유산/전적류/목판본/대장도감본,1축
634,보물제1356호,초조본 현양성교론 권3,2002-10-19,2,3,기록유산/전적류/목판본/대장도감본,1축
635,보물제1358-1호,동여도,2002-12-07,2,3,유물/과학기술/천문지리기구/지리,1조 (23첩)
637,보물제1359호,감은사지 동삼층석탑 사리장엄구,2002-12-07,8,14,유물/불교공예/사리장치/사리장치,일괄 (7점)
638,보물제1382호,청자 상감‘신축’명 국화모란문 벼루,2003-12-30,8,14,유물/생활공예/토도자공예/청자,1점
639,보물제1383호,청자 철화초충조문 매병,2003-12-30,8,14,유물/생활공예/토도자공예/청자,1점
640,보물제1384호,청자 상감유로매죽문 편병,2003-12-30,8,14,유물/생활공예/토도자공예/청자,1점
641,보물제1385호,청자 양각운룡문 매병,2003-12-30,8,14,유물/생활공예/토도자공예/청자,1점
642,보물제1386호,청자 상감어룡문 매병,2003-12-30,8,14,유물/생활공예/토도자공예/청자,1점
643,보물제1387호,분청사기 철화모란문 장군,2003-12-30,8,14,유물/생활공예/토도자공예/분청,1점
644,보물제1388호,분청사기 박지연화문 편병,2003-12-30,8,14,유물/생활공예/토도자공예/분청,1점
645,보물제1389호,청자 상감‘장진주’시명 매죽양류문 매병,2003-12-30,8,14,유물/생활공예/토도자공예/청자,1점
646,보물제1390호,백자 청화동정추월문 항아리,2003-12-30,8,14,유물/생활공예/토도자공예/백자,1점
647,보물제1391호,백자 상감투각모란문 병,2003-12-30,8,14,유물/생활공예/토도자공예/백자,1점
648,보물제1392호,이암필 화조구자도,2003-12-30,8,14,유물/일반회화/영모화조화/화조화,1폭
649,보물제1393호,김홍도필 추성부도,2003-12-30,8,14,유물/일반회화/산수화/산수화,1폭
650,보물제1394호,경기감영도 병풍,2003-12-30,8,14,유물/일반회화/산수화/산수화,1점(12폭)
651,보물제1397호,영국사 영산회후불탱,2004-03-03,2,6,유물/불교회화/탱화/불도,1폭
652,보물제1399호,청자 퇴화선문 표주박모양 주전자,2004-03-03,2,4,유물/생활공예/토도자공예/청자,1점
653,보물제1404호,봉사조선창화시권,2004-05-07,8,14,기록유산/서간류/시고류/시고,1축
654,보물제1405호,비해당소상팔경시첩,2004-05-07,8,14,기록유산/서간류/시고류/시고,1첩
656,보물제1414호,봉업사명 청동 향로,2004-08-31,8,14,유물/불교공예/공양구/공양구,1점
657,보물제1415호,삼현수간,2004-08-31,8,14,기록유산/서간류/간독류/간독,4첩
658,보물제1420호,청자 상감모란양류문 주전자 및 승반,2004-11-26,8,14,유물/생활공예/토도자공예/청자,1점 (3개)
659,보물제1421호,청자 퇴화화문 주전자 및 승반,2004-11-26,8,14,유물/생활공예/토도자공예/청자,1점(3개)
660,보물제1422호,분청사기 상감모란문 항아리,2004-11-26,8,14,유물/생활공예/토도자공예/분청,1점
661,보물제1423호,분청사기 인화점문 장군,2004-11-26,8,14,유물/생활공예/토도자공예/분청,1점
662,보물제1425호,백자 철화매죽문 항아리,2004-11-26,8,14,유물/생활공예/토도자공예/백자,1점
663,보물제1426호,수월관음도,2005-01-22,8,14,유물/불교회화/탱화/보살도,1폭
664,보물제1428호,분청사기 상감‘정통 13년’명 묘지 및 분청사기 일괄,2005-01-22,8,14,유물/생활공예/토도자공예/분청,일괄 (7점)
665,보물제1430호,화성행행도 병풍,2005-04-15,8,14,유물/일반회화/기록화/행렬도,1점 (8첩)
666,보물제1430-2호,봉수당진찬도,2015-09-02,3,8,유물/일반회화/기록화/행렬도,1폭
667,보물제1431호,정사신 참석 계회도 일괄,2005-04-15,8,14,유물/일반회화/기록화/계회도,1점 (6첩)
668,보물제1437호,백자 달항아리,2005-08-12,8,14,유물/생활공예/토도자공예/백자,1점
669,보물제1438호,백자 달항아리,2005-08-12,2,4,유물/생활공예/토도자공예/백자,1점
670,보물제1439호,백자 달항아리,2005-08-12,2,4,유물/생활공예/토도자공예/백자,1점
671,보물제1441호,백자 달항아리,2005-08-12,8,14,유물/생활공예/토도자공예/백자,1점
672,보물제1442호,일월반도도 병풍,2005-08-12,2,4,유물/일반회화/산수화/산수화,1쌍 (2점)
673,보물제1443호,왕세자탄강진하도 병풍,2005-08-12,2,4,유물/일반회화/기록화/궁궐도,1점 (10폭)
674,보물제1444호,은입사귀면문철퇴,2005-08-12,2,4,유물/과학기술/무기병기류/무기무구류,1쌍 (2점)
675,보물제1447호,청자 상감화조문 도판,2006-01-17,8,14,유물/생활공예/토도자공예/청자,1점
676,보물제1448호,백자 청화보상당초문 항아리,2006-01-17,8,14,유물/생활공예/토도자공예/백자,1점
677,보물제1449호,청자 기린모양 연적,2006-01-17,2,4,유물/생활공예/토도자공예/청자,1점
678,보물제1450호,분청사기 상감사각묘지 및 분청사기 인화문 사각편병,2006-01-17,8,14,유물/생활공예/토도자공예/분청,2점
679,보물제1451호,청자 상감운학국화문 병형 주전자,2006-01-17,1,1,유물/생활공예/토도자공예/청자,1점
680,보물제1452호,청자 상감‘덕천’명 연화양류문 매병,2006-01-17,1,1,유물/생활공예/토도자공예/청자,1점
681,보물제1453호,청자 주전자,2006-01-17,1,1,유물/생활공예/토도자공예/청자,1점
682,보물제1454호,청자 음각연화문 팔각장경병,2006-01-17,1,1,유물/생활공예/토도자공예/청자,1점
683,보물제1455호,분청사기 상감파도어문 병,2006-01-17,1,1,유물/생활공예/토도자공예/분청,1점
684,보물제1456호,분청사기 박지태극문 편병,2006-01-17,1,1,유물/생활공예/토도자공예/분청,1점
685,보물제1457호,백자 사각발형 제기,2006-01-17,1,1,유물/생활공예/토도자공예/백자,1점
686,보물제1458호,백자 청화철화‘시’명나비문 팔각연적,2006-01-17,1,1,유물/생활공예/토도자공예/백자,1점
687,보물제1459호,해동조계복암화상잡저,2006-01-17,8,14,기록유산/전적류/목판본/사찰본,1책
690,보물제1463-2호,용비어천가 권3/ 4,2009-02-23,2,3,기록유산/전적류/목판본/왕실본,2권 2책
693,보물제1469호,마천목좌명공신녹권,2006-04-28,2,4,기록유산/문서류/국왕문서/교령류,1축
694,보물제1474-2호,경주이씨 양월문중 고문서 및 향안 - 이지대 왕지,2006-07-18,2,3,기록유산/문서류/국왕문서/교령류,경주이씨 이지대 왕지 1점
695,보물제1478호,조씨삼형제 초상,2006-12-29,2,5,유물/일반회화/인물화/초상화,1점
696,보물제1483호,이채 초상,2006-12-29,8,14,유물/일반회화/인물화/초상화,1점
697,보물제1484호,남구만 초상,2006-12-29,8,14,유물/일반회화/인물화/초상화,1점
698,보물제1485호,강이오 초상,2006-12-29,8,14,유물/일반회화/인물화/초상화,1점
699,보물제1486호,이광사 초상,2006-12-29,8,14,유물/일반회화/인물화/초상화,1점
700,보물제1487호,서직수 초상,2006-12-29,8,14,유물/일반회화/인물화/초상화,1점
701,보물제1490호,이성윤 초상,2006-12-29,2,4,유물/일반회화/인물화/초상화,1점
702,보물제1491호,연잉군 초상,2006-12-29,2,4,유물/일반회화/인물화/초상화,1점
703,보물제1492호,철종어진,2006-12-29,2,4,유물/일반회화/인물화/초상화,1점
704,보물제1493호,오재순 초상,2006-12-29,8,14,유물/일반회화/인물화/초상화,1점
705,보물제1496호,윤급 초상,2006-12-29,8,14,유물/일반회화/인물화/초상화,1점
706,보물제1497호,김시습 초상,2006-12-29,2,6,유물/일반회화/인물화/초상화,1점
707,보물제1499-1호,이하응 초상 일괄 - 흑단령포본/ 금관조복본/ 와룡관학창의본/ 흑건청포본/ 복건심의본,2006-12-29,2,3,유물/일반회화/인물화/초상화,초상5점/ 함5점/ 향낭11점/ 표제3점
708,보물제1499-2호,이하응 초상 일괄 - 금관조복본,2006-12-29,8,14,유물/일반회화/인물화/초상화,1점
709,보물제1500호,김이안 초상,2006-12-29,5,11,유물/일반회화/인물화/초상화,1점
710,보물제1503호,임장 초상,2006-12-29,5,11,유물/일반회화/인물화/초상화,1점
716,보물제1531호,영조 기로연·수작연도 병풍,2007-10-24,2,3,유물/일반회화,1점 (8첩)
721,보물제1538호,동국대지도,2007-12-31,8,14,유물/과학기술/천문지리기구/지리,1점
723,보물제1540호,청자 표주박모양 주전자,2007-12-31,1,1,유물/생활공예/토도자공예/청자,1점
724,보물제1541호,분청사기 상감모란양류문 병,2007-12-31,1,1,유물/생활공예/토도자공예/분청,1점
726,보물제1559호,감지은니대방광불화엄경,2008-04-22,8,14,기록유산/전적류/필사본/사경,7권7첩
728,보물제1567호,지장보살본원경,2008-06-27,2,4,기록유산/전적류/목판본/왕실본,3권 1책
730,보물제1581호,대동여지도목판,2008-12-22,8,14,유물/과학기술/천문지리기구/지리,11장(22면)
731,보물제1582호,청구관해방총도,2008-12-22,8,14,유물/과학기술/천문지리기구/지리,1축
746,보물제1601호,천하여지도,2008-12-22,2,3,유물/과학기술/천문지리기구/지리,1축
747,보물제1602호,조선팔도고금총람도,2008-12-22,2,3,유물/과학기술/천문지리기구/지리,1축
748,보물제1603호,대불정여래밀인수증요의제보살만행수능엄경,2009-02-23,2,3,기록유산/전적류,10권 2책
749,보물제1618-1호,대한제국 고종「황제어새」,2009-09-01,2,4,유물,어새1점/ 내함1점
750,보물제1618-2호,국새 황제지보,2017-01-02,2,4,기록유산/서각류,1과(顆)
751,보물제1618-3호,국새 유서지보,2017-01-02,2,4,기록유산/서각류,1과(顆)
752,보물제1618-4호,국새 준명지보,2017-01-02,2,4,기록유산/서각류,1과(顆)
753,보물제1621호,서울 지장암 목조비로자나불좌상,2009-10-20,8,14,유물/불교조각/목조/불상,1구(조성발원문1장 포함)
755,보물제1625-2호,황기로 초서-차운시,2010-01-04,2,4,기록유산/서간류/서예/서예,1점
756,보물제1626호,김현성 필적,2010-01-04,8,14,기록유산/서간류/서예/서예,1첩
757,보물제1628호,효종어필 칠언시,2010-01-04,8,14,기록유산/서간류/서예/서예,1점
758,보물제1632-2호,정조어필-제문상정사,2010-01-04,8,14,기록유산/서간류/서예/서예,1축
759,보물제1645호,안동 광흥사 동종,2010-02-24,2,4,유물/불교공예/의식법구/의식법구,1구
760,보물제1646호,초조본 불설가섭부불반열반경,2010-02-24,2,6,기록유산/전적류,1권 1축
762,보물제1650호,서울 개운사 목조아미타여래좌상 복장 전적,2010-04-23,2,6,유물,21점
763,보물제1657호,이형 좌명원종공신녹권 및 함,2010-08-25,2,4,기록유산/문서류/국왕문서/교령류,1축(함1점포함)
765,보물제1662호,대혜보각선사서,2010-10-25,8,14,기록유산/전적류/목판본,1책
766,보물제1663호,대승기신론의기 권상/ 하,2010-10-25,8,14,기록유산/전적류/목판본,2권2책
768,보물제1670호,조속 초서 창강필적,2010-10-25,2,4,기록유산,1책
769,보물제1671호,윤순거 초서 무이구곡가,2010-10-25,8,14,기록유산/서간류/서예/서예,1점(10폭 병풍)
770,보물제1676호,윤순 필적 고시서축,2010-10-25,8,14,기록유산/서간류/서예/서예,1축
771,보물제1677-1호,이광사 행서 화기,2010-10-25,8,14,기록유산/서간류/서예/서예,1축
772,보물제1677-2호,이광사 필적 원교법첩,2010-10-25,8,14,기록유산/서간류/서예/서예,1첩
773,보물제1678호,송문흠 예서 경재잠,2010-10-25,2,4,기록유산/서간류/서예/서예,1축
774,보물제1679호,이인상 전서 원령필,2010-10-25,8,14,기록유산/서간류/서예/서예,3첩
775,보물제1681호,이한진 전예 경산전팔쌍절첩,2010-10-25,2,4,기록유산/서간류/서예/서예,1첩
777,보물제1683-2호,정약용 필적 하피첩,2010-10-25,2,5,기록유산/서간류/서예/서예,3첩
779,보물제1685-1호,김정희 해서 묵소거사자찬,2010-10-25,8,14,기록유산/서간류/서예/서예,1축
780,보물제1685-2호,김정희 예서대련 호고연경,2010-10-25,8,14,기록유산/서간류/서예/서예,2축
781,보물제1720호,공주 동학사 목조석가여래삼불좌상 복장전적,2011-09-05,2,4,유물/불교조각,일괄(7종 8책)
783,보물제1740호,서울 관상감 관천대,2011-12-23,2,4,유적건조물/정치국방/궁궐·관아/천문관측,1기/ 522.9㎡
794,보물제1774호,자치통감강목 권12/ 27/ 37/ 42,2012-08-24,2,3,기록유산/전적류/활자본/금속활자본,4권 4책
795,보물제1775호,진실주집,2012-08-24,2,3,기록유산/전적류/목판본,3권 1책
796,보물제1776호,영가진각대사증도가,2012-08-24,2,3,기록유산/전적류/활자본/금속활자본,불분권 1책(不分卷 1冊)
797,보물제1788호,남양주 수종사 팔각오층석탑 출토유물 일괄,2012-12-27,2,6,유물/불교조각,불감 1구/ 불보살상 18구/ 복장유물 일괄(현황참고)
803,보물제1821호,서울 청룡사 석조지장보살삼존상 및 시왕상 일괄,2014-03-11,2,4,유물/불교조각/석조/보살상,22점
805,보물제1823호,농경문 청동기,2014-05-08,8,14,유물/생활공예/금속공예/청동용구,1점
807,보물제1836호,초조본 불정최승다라니경,2014-10-20,1,1,기록유산/전적류/목판본,1권 1축
808,보물제1837호,초조본 불설문수사리일백팔명범찬,2014-10-20,1,1,기록유산/전적류/목판본,1권 1축(6장)
809,보물제1838호,초조본 법원주림 권82,2014-10-20,1,1,기록유산/전적류/목판본,1권 1축
810,보물제1839호,초조본 불설일체여래금강삼업최상비밀대교왕경 권4,2014-10-20,1,1,기록유산/전적류/목판본,1권 1축
811,보물제1846호,대방광불화엄경 정원본 권8,2014-12-31,1,1,기록유산/전적류/목판본,1권1축(15장)
812,보물제1847호,대방광불화엄경 주본 권34,2014-12-31,1,1,기록유산/전적류/목판본,1권1축(21장)
813,보물제1848호,목우자수심결(언해),2014-12-31,8,14,기록유산/전적류/목판본,1卷1冊(55張)
814,보물제1869호,청자 상감운학문 매병,2015-04-22,8,14,유물/생활공예/토도자공예/청자,1점
815,보물제1875호,정선필 풍악도첩,2015-04-22,8,14,유물/일반회화/산수화/산수화,14폭
816,보물제1877호,봉화 태자사 낭공대사탑비,2015-04-22,8,14,기록유산/서각류/금석각류/비,1기
817,보물제1878호,경주 호우총 출토 청동 ‘광개토대왕’명 호우,2015-09-02,8,14,유물/생활공예/금속공예/청동용구,1점
818,보물제1879호,희경루방회도,2015-09-02,3,8,유물/일반회화/기록화/계회도,1폭
819,보물제1881호,서울 창의문,2015-12-02,2,4,유적건조물/정치국방/성/성곽시설,1동
820,보물제1882-2호,고려 십육나한도(제15 아벌다존자),2016-01-07,8,14,유물/불교회화,1폭
821,보물제1883호,고려 오백나한도,2016-01-07,8,14,유물/불교회화/탱화/나한조사도,6폭
824,보물제1886호,재조본 유가사지론 권20,2016-01-07,8,14,기록유산/전적류/목판본,1권 1축
825,보물제1887호,노영 필 아미타여래구존도 및 고려 태조 담무갈보살 예배도,2016-02-22,8,14,유물/불교회화,1점
827,보물제1899호,은제도금화형탁잔,2016-05-03,8,14,유물/생활공예/금속공예,1조(잔과 잔 받침)
830,보물제1901-3호,조선왕조의궤,2016-05-03,2,4,기록유산/전적류/전적류/전적류,80건 133책
832,보물제1901-7호,조선왕조의궤,2016-05-03,8,14,기록유산/전적류/전적류/전적류,1건 9책
834,보물제1901-10호,조선왕조의궤,2016-05-03,2,3,기록유산/전적류/전적류/전적류,1건 1책
836,보물제1903호,고려 수월관음보살도,2016-07-01,1,1,유물/불교회화/탱화/보살도,1폭
837,보물제1905호,서울 청진동 출토 백자항아리,2016-07-01,2,4,유물/생활공예/토도자공예/백자,3점
838,보물제1906호,대명률,2016-07-01,2,4,기록유산/전적류/목판본,1책(76張/ 零本)
839,보물제1907호,함통6년명 청동북,2016-09-01,8,14,유물/불교공예/의식법구/의식법구,1점
841,보물제1925호,금강산 출토 이성계 발원 사리장엄구 일괄,2017-01-02,8,14,유물/생활공예,10점
842,보물제1930호,청자 퇴화초화문 표주박모양 주전자 및 승반,2017-03-08,8,14,유물/생활공예/토도자공예/청자,1건 3점
843,보물제1931호,청자 죽순모양 주전자,2017-03-08,8,14,유물/생활공예/토도자공예/청자,1건 2점
844,보물제1932호,청자 투각연당초문 붓꽂이,2017-03-08,8,14,유물/생활공예/토도자공예/청자,1건 1점
858,보물제1975호,나전경함,2018-02-22,8,14,유물/생활공예/목공예/가구류,1점
859,보물제1977호,경주 방형대좌 석조여래좌상,2018-04-20,2,4,유물/불교조각/석조/불상,1구
869,보물제1988호,감지은니범망경보살계품,2018-06-27,8,14,기록유산/전적류/필사본/사경,1첩(帖)
870,보물제1989호,송조표전총류 권6～11,2018-06-27,8,14,기록유산/전적류/활자본/금속활자본,6권 3책
871,보물제1994호,지장시왕도,2018-06-27,1,1,유물/불교회화/탱화/보살도,1폭
872,보물제2000호,김홍도 필 삼공불환도,2018-10-04,8,14,유물/일반회화/산수화/산수화,1좌(8폭)
873,보물제2001호,경주 황오동 금귀걸이,2018-10-30,8,14,유물/생활공예/금속공예/장신구,1쌍
874,보물제2004호,서울 칠보사 목조석가여래좌상,2018-10-30,2,4,유물/불교조각/목조/불상,불상 1구
875,보물제2008호,'경선사'명 청동북,2018-11-27,8,14,유물/불교공예/의식법구/의식법구,1구
876,보물제2012호,‘회암사’명 약사여래삼존도,2019-01-03,8,14,유물/불교회화/탱화/불도,1폭
877,보물제2015호,고려 천수관음보살도,2019-03-06,8,14,유물/불교회화,1폭
878,보물제2018호,고령 지산동 32호분 출토 금동관,2019-03-06,8,14,유물/생활공예/금속공예,1점
879,보물제2022호,군위 인각사 출토 공양구 일괄,2019-05-02,2,4,유물/불교공예/공양구/공양구,9종 18점
882,보물제2029호,이인문 필 강산무진도,2019-06-26,8,14,유물/일반회화/산수화/산수화,1축
885,사적제11호,서울 풍납동 토성,1963-01-21,6,12,유적건조물/정치국방/성/성곽,397/622.8㎡
909,사적제243호,서울 석촌동 고분군,1975-05-27,6,12,유적건조물/무덤/왕실무덤/고대,49/827㎡
933,사적제297호,서울 몽촌토성,1982-07-22,6,12,유적건조물/정치국방/성/성지,482/164㎡
996,국가민속문화재제13호,경산 정원용 의대,1968-12-12,2,5,유물,일괄
997,국가민속문화재제16호,방상시 탈,1970-03-24,8,14,유물/과학기술/놀이유희용구/놀이기구,1개
1000,국가민속문화재제31호,남은들 상여,1974-03-15,2,4,유물/생활공예/목공예/가구류,1습
1020,국가민속문화재제59호,십장생수 이층롱,1979-01-23,8,14,유물/생활공예/목공예/가구류,1점
1021,국가민속문화재제60호,초충수병(4폭),1979-01-23,8,14,유물/생활공예,1점
1022,국가민속문화재제61호,청초중단,1979-01-23,5,10,유물/생활공예/복식공예/의복,1점
1023,국가민속문화재제62호,적초의,1979-01-23,5,10,유물/생활공예/복식공예/의복,1점
1024,국가민속문화재제63호,왕비 록원삼,1979-01-23,5,10,유물/생활공예/복식공예/의복,1점
1025,국가민속문화재제66호,구장복,1979-01-23,8,14,유물/생활공예/복식공예/의복,2점
1026,국가민속문화재제67호,적의본 및 폐슬본,1979-01-23,8,14,유물/생활공예/복식공예/의복,1건 2점
1029,국가민속문화재제121호,흥완군 의복,1983-04-11,8,14,유물/생활공예/복식공예/의복,일괄(62점)
1030,국가민속문화재제230호,산청 전주최씨 고령댁 상여,1996-02-09,2,5,유물/생활공예/목공예/가구류,1점
1031,국가민속문화재제241호,장영직 유품,2001-11-30,2,5,유물/생활공예/복식공예/의복,일괄(6종 41점)
1034,국가민속문화재제264호,변수 묘 출토유물,2009-12-14,2,5,유물/생활공예/복식공예/의복,72점
1035,국가민속문화재제265호,영친왕 일가 복식 및 장신구류,2009-12-14,2,4,유물/생활공예/복식공예/의복,333점
1039,서울특별시 유형문화재제5호,정업원 터,1972-05-25,2,4,기록유산/서각류/금석각류/비,석비 1基/ 비각 1棟/ 토지691㎡
1043,서울특별시 유형문화재제9호,종친부 경근당과 옥첩당,1972-05-25,2,4,유적건조물/정치국방/궁궐·관아/궁궐,건물 3棟/ 월대(앞계단) 토지 806.2㎡
1050,서울특별시 유형문화재제22호,안평대군 이용 집터,1974-01-15,2,4,유적건조물/주거생활/주거건축/건물지,바위 1基/ 토지314㎡
1051,서울특별시 유형문화재제23호,석파정 별당,1974-01-15,2,4,유적건조물/주거생활/주거건축/가옥,건물 1棟/ 토지 85.2㎡
1052,서울특별시 유형문화재제25호,황학정,1974-01-15,2,4,유적건조물/주거생활/조경건축/누정,건물 1棟/ 토지 154.1㎡
1053,서울특별시 유형문화재제26호,석파정,1974-01-15,2,4,유적건조물/주거생활/조경건축/누정,건물 4棟/ 각자바위 2基/ 정자 초석 1基/ 토지 1/108.4㎡
1058,서울특별시 유형문화재제32호,선희궁 터,1975-05-10,2,4,유적건조물/주거생활/주거건축/건물지,건물 1棟/ 기단및계단 1基/ 토지 695.2㎡
1062,서울특별시 유형문화재제36호,천도교 중앙대교당,1978-12-18,2,4,유적건조물/종교신앙/민족종교/천도교,건물 1棟/ 토지 750.1㎡
1073,서울특별시 유형문화재제51호,기기국 번사창,1982-12-17,2,4,유적건조물/정치국방/궁궐·관아/관아,건물 1棟/ 토지 231.2㎡
1076,서울특별시 유형문화재제56호,종묘 어정,1983-11-11,2,4,유적건조물/주거생활/주거건축/주거시설,우물 1基/ 토지 15.8㎡
1077,서울특별시 유형문화재제57호,우암 송시열 집터,1984-07-05,2,4,기록유산/서각류/금석각류/석각류,각자바위 1基/ 토지 6.2㎡
1089,서울특별시 유형문화재제73호,탑골공원 팔각정,1989-09-19,2,4,유적건조물/주거생활/조경건축/누정,정자 1棟/ 토지 152.8㎡
1113,서울특별시 유형문화재제101호,국기복색소선 및 사절복색자장요람,1996-09-30,8,14,기록유산/전적류/필사본/고본,2帖
1114,서울특별시 유형문화재제102호,오운정,1997-12-31,2,4,유적건조물/주거생활/조경건축/누정,1棟
1115,서울특별시 유형문화재제103호,침류각,1997-12-31,2,4,유적건조물/주거생활/주거건축/가옥,1棟
1119,서울특별시 유형문화재제107호,태종왕지(1402. 1409년) 윤림분,1998-12-26,2,4,기록유산/문서류/국왕문서/교령류,2張
1134,서울특별시 유형문화재제122호,안양암 마애관음보살좌상,1999-11-15,2,4,유물/불교조각/석조/보살상,마애불 암반 1基/ 토지 25㎡
1135,서울특별시 유형문화재제123호,아미타괘불도,1999-11-15,2,4,유물/불교회화/탱화/불도,1幅
1140,서울특별시 유형문화재제128호,양정편,2000-10-10,2,3,기록유산/전적류/필사본/사본류,1冊
1141,서울특별시 유형문화재제130호,승동교회,2001-04-06,2,4,유적건조물/종교신앙/개신교/교회,건물 1棟/ 토지 741.2㎡
1142,서울특별시 유형문화재제131호,동아일보사옥,2001-04-06,2,4,유적건조물/교육문화/근대교육문화/사회문화시설,건물 1棟/ 토지 657.8㎡
1148,서울특별시 유형문화재제137호,십장생도,2001-12-31,2,3,유물/일반회화/영모화조화/영모화,병풍 한틀(10幅)
1149,서울특별시 유형문화재제138호,친림광화문내근정전정시시도,2001-12-31,2,3,유물/일반회화/기록화/궁궐도,병풍 한틀(8幅)
1150,서울특별시 유형문화재제139호,삼국지연의도,2001-12-31,2,3,유물/일반회화/민화/민화,9点
1151,서울특별시 유형문화재제142호,흥선대원군 이하응필 묵란도,2002-03-15,2,3,유물/일반회화/사군자/란도,병풍 1틀(12幅)
1159,서울특별시 유형문화재제150호,녹훈도감 선사어선 연회도,2002-08-16,2,4,유물/일반회화/기록화/계회도,1幅
1160,서울특별시 유형문화재제151호,철불좌상,2002-08-16,2,4,유물/불교조각/금속조/불상,1軀
1161,서울특별시 유형문화재제152호,청화백자산수인물문병,2002-08-16,2,3,유물/생활공예/토도자공예/백자,1点
1162,서울특별시 유형문화재제153호,청화백자성새산수문병,2002-08-16,2,3,유물/생활공예/토도자공예/백자,1点
1163,서울특별시 유형문화재제154호,청화백자매화절지문필통,2002-08-16,2,3,유물/생활공예/토도자공예/백자,1点
1164,서울특별시 유형문화재제155호,청화백자운룡문병,2002-08-16,2,3,유물/생활공예/토도자공예/백자,1点
1165,서울특별시 유형문화재제156호,백자대병,2002-08-16,2,3,유물/생활공예/토도자공예/백자,1点
1166,서울특별시 유형문화재제157호,백자양각시문병,2002-08-16,2,3,유물/생활공예/토도자공예/백자,1点
1167,서울특별시 유형문화재제158호,백자장군,2002-08-16,2,3,유물/생활공예/토도자공예/백자,1点
1168,서울특별시 유형문화재제159호,양온명수이도기편호,2002-08-16,2,3,유물,1点
1170,서울특별시 유형문화재제161호,금선사 신중도,2002-12-26,2,4,유물/불교회화/탱화/보살도,1幅
1171,서울특별시 유형문화재제162호,금동보살좌상,2002-12-26,2,3,유물/불교조각/금속조/보살상,1軀
1172,서울특별시 유형문화재제163호,간평의,2002-12-26,2,3,유물/과학기술/천문지리기구/지리,1点
1173,서울특별시 유형문화재제164호,앙부일구,2002-12-26,2,3,유물/과학기술/천문지리기구/기상,1点
1174,서울특별시 유형문화재제167호,전송림사출토 청동불구 일괄,2003-09-05,2,3,유물/불교조각/금속조/불상,9点
1175,서울특별시 유형문화재제168호,금동불좌상(아미타불),2003-09-05,2,3,유물/불교조각/금속조/불상,1軀
1176,서울특별시 유형문화재제169호,송시열상,2003-09-05,2,3,유물/일반회화/인물화/초상화,1軸
1177,서울특별시 유형문화재제170호,전이한철필 어해도병,2003-09-05,2,3,유물/일반회화/산수화/산수화,병풍 한틀(10帖)
1178,서울특별시 유형문화재제171호,성불사 금동보현보살좌상,2003-12-30,2,4,유물/불교조각/금속조/보살상,1軀
1179,서울특별시 유형문화재제172호,을축갑회도,2003-12-30,2,3,유물/일반회화/기록화/계회도,1軸
1180,서울특별시 유형문화재제173호,경수연도,2003-12-30,2,3,유물/일반회화/산수화/산수화,1帖
1181,서울특별시 유형문화재제174호,태학계첩,2003-12-30,2,3,유물/일반회화/기록화/계회도,1첩
1182,서울특별시 유형문화재제175호,경현당어제어필화재첩,2003-12-30,2,3,기록유산/문서류/문서류/문서류,1帖
1183,서울특별시 유형문화재제176호,기성도병,2003-12-30,2,3,유물/일반회화/산수화/산수화,병풍한틀(8帖)
1184,서울특별시 유형문화재제177호,관서명승도첩,2003-12-30,2,3,유물/일반회화/산수화/산수화,1帖
1185,서울특별시 유형문화재제178호,두씨통전,2003-12-30,2,3,기록유산/전적류/전적류/전적류,200卷 75冊
1186,서울특별시 유형문화재제179호,지장보살본원경,2003-12-30,2,3,기록유산/전적류/목판본/사찰본,3卷 1冊
1187,서울특별시 유형문화재제180호,번역명의집 권1~3,2003-12-30,2,3,기록유산/전적류/필사본/고본,3권1책
1188,서울특별시 유형문화재제181호,자치통감강목 권16,2003-12-30,2,3,기록유산/전적류/전적류/전적류,1卷 1冊
1189,서울특별시 유형문화재제182호,성북동포백훈조계완문절목,2003-12-30,2,3,기록유산/문서류/문서류/문서류,1冊
1190,서울특별시 유형문화재제183호,원조정본농상집요 권5~7,2003-12-30,2,3,기록유산/전적류/전적류/전적류,3卷 1冊
1200,서울특별시 유형문화재제193호,류홍영정,2004-10-30,2,3,유물/일반회화/인물화/초상화,1幅
1206,서울특별시 유형문화재제199호,혼천의,2005-05-26,8,14,유물/과학기술/천문지리기구/천문,1点
1225,서울특별시 유형문화재제220호,청동 종,2007-01-11,2,4,유물/불교공예/의식법구/의식법구,1点
1226,서울특별시 유형문화재제221호,류순정 영정,2007-03-22,2,3,유물/일반회화/인물화/초상화,1点
1264,서울특별시 유형문화재제265호,법주사 수정암 석불좌상,2008-07-10,3,8,유물/불교조각/석조/불상,1軀
1265,서울특별시 유형문화재제268호,감지은니범망경보살계 및 보살계의,2008-07-10,3,8,기록유산/전적류/필사본/사경,2卷 1帖
1266,서울특별시 유형문화재제269호,지장암 목비로자나불좌상 복장전적류,2008-07-10,2,4,기록유산/전적류/전적류/전적류,일괄
1267,서울특별시 유형문화재제270호,지장암 신중도,2008-07-10,2,4,유물/불교회화/탱화/불도,1幅
1268,서울특별시 유형문화재제271호,지장암 감로도,2008-07-10,2,4,유물/불교회화/탱화/불도,1幅
1269,서울특별시 유형문화재제272호,백자청화칠보수복문호,2009-01-02,2,3,유물/생활공예/토도자공예/백자,1点
1270,서울특별시 유형문화재제273호,백자상감연리지문병,2009-01-02,2,3,유물/생활공예/토도자공예/백자,1点
1271,서울특별시 유형문화재제274호,백자청화화훼문병,2009-01-02,2,3,유물/생활공예/토도자공예/백자,1点
1272,서울특별시 유형문화재제275호,백자호,2009-01-02,2,3,유물/생활공예/토도자공예/백자,1点
1273,서울특별시 유형문화재제276호,백자동화원형문각호,2009-01-02,2,3,유물/생활공예/토도자공예/백자,1点
1274,서울특별시 유형문화재제277호,백자청화산수인물문사각병,2009-01-02,2,3,유물/생활공예/토도자공예/백자,1点
1275,서울특별시 유형문화재제278호,백자청화화분문호,2009-01-02,2,4,유물/생활공예/토도자공예/백자,1点
1289,서울특별시 유형문화재제294호,인천해관문서,2009-11-03,1,2,기록유산/문서류/관부문서/소지류,199장
1291,서울특별시 유형문화재제296호,수선전도,2010-02-11,5,11,유물/과학기술/천문지리기구/지리,1점
1292,서울특별시 유형문화재제297호,도성대지도,2010-02-11,2,3,유물/과학기술/천문지리기구/지리,1점
1293,서울특별시 유형문화재제298호,수선총도,2010-02-11,2,3,유물/과학기술/천문지리기구/지리,1점
1294,서울특별시 유형문화재제299호,망우동지,2010-02-11,2,3,유물/과학기술/천문지리기구/지리,1책
1295,서울특별시 유형문화재제300호,훈도방주자동지,2010-02-11,2,3,유물/과학기술/천문지리기구/지리,1책
1296,서울특별시 유형문화재제301호,북한지,2010-02-11,2,4,유물/과학기술/천문지리기구/지리,1책
1300,서울특별시 유형문화재제305호,대사례도,2010-06-17,5,11,유물/일반회화/기록화/계회도,1권
1301,서울특별시 유형문화재제306호,신축진연도병,2010-06-17,5,11,유물/일반회화/기록화/행렬도,1틀
1305,서울특별시 유형문화재제310호,해동제국기,2010-10-07,8,15,기록유산/전적류/전적류/전적류,2책
1306,서울특별시 유형문화재제311호,백자청화영빈이씨 묘지·명기 및 석함,2010-10-07,5,11,유물/일반조각/능묘조각/기타,32점
1307,서울특별시 유형문화재제312호,백자‘동묘치성병’명병,2010-10-07,2,3,유물/생활공예/토도자공예/백자,1점
1308,서울특별시 유형문화재제313호,윤산군이탁 백자음각묘지,2011-01-13,2,4,유물/일반조각/능묘조각/기타,3점
1309,서울특별시 유형문화재제314호,백자청화산수문호,2011-01-13,2,3,유물/생활공예/토도자공예/백자,1점
1311,서울특별시 유형문화재제316호,홍재전서,2011-09-08,2,3,기록유산/전적류/전적류/전적류,60권60책(포갑5갑)
1312,서울특별시 유형문화재제317호,인천안목 권상,2011-09-08,2,3,기록유산/전적류/전적류/전적류,1책
1313,서울특별시 유형문화재제318호,수륙무차평등재의촬요,2011-09-08,2,3,기록유산/전적류/전적류/전적류,1책
1314,서울특별시 유형문화재제319호,선종유심결 등 합철,2011-09-08,2,4,기록유산/전적류/전적류/전적류,1책
1322,서울특별시 유형문화재제327호,지장암 명부전 목조지장보살좌상 및 복장유물,2012-03-22,2,4,유물/불교조각/목조/불상,일괄
1323,서울특별시 유형문화재제328호,지장암 석조천불좌상 및 복장유물,2012-03-22,2,4,유물/불교조각/석조/불상,일괄
1324,서울특별시 유형문화재제329호,지장암 석조가섭아난입상 및 복장유물,2012-03-22,2,4,유물/불교조각/석조/불상,일괄
1325,서울특별시 유형문화재제330호,지장암 대웅전 목조석가여래좌상 및 복장유물,2012-03-22,2,4,유물/불교조각/목조/불상,일괄
1326,서울특별시 유형문화재제331호,지장암 목조석가여래좌상 및 복장유물,2012-03-22,2,4,유물/불교조각/석조/불상,일괄
1327,서울특별시 유형문화재제332호,지장암 목조관음보살좌상 및 복장유물,2012-03-22,2,4,유물/불교조각/목조/보살상,일괄
1328,서울특별시 유형문화재제333호,지장암 목조관음지장보살좌상 및 복장유물,2012-03-22,2,4,유물/불교조각/목조/보살상,일괄
1329,서울특별시 유형문화재제334호,지장암 자수아미타삼존괘불도 및 복장유물,2012-05-03,2,4,유물/불교회화/탱화/불도,일괄
1330,서울특별시 유형문화재제335호,지장암 자수지장보살도,2012-05-03,2,4,유물/불교회화/탱화/보살도,1폭
1335,서울특별시 유형문화재제341호,보각사 목조여래좌상,2012-11-01,2,4,유물/불교조각/목조/불상,1점
1342,서울특별시 유형문화재제348호,연복사탑중창비,2013-05-23,8,14,유적건조물/종교신앙/불교/기타,1점
1350,서울특별시 유형문화재제356호,양헌수병인양요 관련 문적,2013-12-26,8,14,기록유산/전적류/전적류/전적류,3건 7점
1359,서울특별시 유형문화재제365호,동관왕묘 소장유물 일괄,2014-07-03,2,4,유물/불교조각/소조/명부상,37건
1360,서울특별시 유형문화재제366호,천축사 목조불단,2014-09-25,2,4,유적건조물/종교신앙/불교/기타,1점
1368,서울특별시 유형문화재제374호,육조대사법보단경(언해) 권상,2015-04-23,2,4,기록유산/전적류/활자본/목활자본,1점
1372,서울특별시 유형문화재제378호,최북필 단구승유도,2015-12-10,2,4,유물/일반회화/산수화/산수화,1폭
1375,서울특별시 유형문화재제381호,백상정사 신중도,2016-04-07,2,4,유물/불교회화/벽화/판벽화,1점
1376,서울특별시 유형문화재제382호,의령남씨가전화첩,2016-04-07,4,9,유물/일반회화/기록화/계회도,1건 5점
1378,서울특별시 유형문화재제384호,백자청화운현명만자문병,2016-08-04,2,4,유물/생활공예/토도자공예/백자,1점
1395,서울특별시 유형문화재제401호,백자양각 재명 매죽문 선형필세필가,2017-04-13,5,10,유물,1점
1396,서울특별시 유형문화재제402호,백자청화 칠보화훼문 사각병,2017-04-13,5,10,유물,1점
1398,서울특별시 유형문화재제404호,장충동 관성묘 무신도,2017-04-13,2,4,유물,4점
1413,서울특별시 유형문화재제419호,조문명 초상,2017-12-07,5,10,유물/일반회화/인물화/초상화,1점
1414,서울특별시 유형문화재제420호,해학반도도 병풍,2017-12-07,5,10,유물/일반회화,1점
1415,서울특별시 유형문화재제421호,김홍도 필 매해파행도,2017-12-07,5,10,유물/일반회화,1점
1418,서울특별시 유형문화재제424호,진위대 군안궤,2018-04-19,2,3,유물/생활공예/목공예/가구류,1건 4점
1420,서울특별시 유형문화재제426호,지장사 목조여래좌상 및 복장유물,2018-08-09,2,4,유물/불교조각/목조/불상,불상 1구/ 복장 1건
1425,서울특별시 유형문화재제431호,비변사계회도,2018-10-18,2,3,유물/일반회화/기록화/계회도,1점
1426,서울특별시 유형문화재제432호,백자호,2018-12-13,2,4,유물/생활공예/토도자공예/백자,1점
1430,서울특별시 유형문화재제436호,몽산화상법어약록,2019-02-14,8,14,기록유산/전적류/전적류/전적류,1책
1431,서울특별시 유형문화재제437호,무예제보,2019-02-14,8,14,기록유산/전적류/전적류/전적류,1책
1440,서울특별시 유형문화재제446호,선학원 신중도,2019-04-04,2,4,유물/불교회화/탱화/기타,1점
1600,서울특별시 문화재자료제30호,청룡사독성도,2005-12-29,2,4,유물/불교회화,1幅
1601,서울특별시 문화재자료제31호,청룡사산신도,2005-12-29,2,4,유물/불교회화,1幅
1615,서울특별시 문화재자료제46호,지장암 대웅전 신중도,2009-03-05,2,4,유물/불교회화,1폭
1617,서울특별시 문화재자료제52호,‘병인가례시’명백자청화수복문호,2011-01-13,2,3,유물/생활공예/토도자공예/백자,1점
1620,서울특별시 문화재자료제55호,지장암 소조지장보살좌상 및 복장유물,2012-03-22,2,4,유물/불교조각/소조/보살상,일괄
1623,서울특별시 문화재자료제58호,삼청동문,2014-06-26,2,4,유물,각자바위 1基가 포함된 암반(토지 95.2㎡)
1624,서울특별시 문화재자료제59호,백호정,2014-06-26,2,4,유물,각자바위 1基가 포함된 암반(토지 118.3㎡)
1625,서울특별시 문화재자료제60호,월암동,2014-06-26,2,4,자연유산,각자바위 1基가 포함된 암반(토지 96.8㎡)
1633,서울특별시 문화재자료제68호,구 탑골공원 정문,2017-02-09,2,4,유적건조물/인물사건/역사사건/역사사건,정문 기둥 4基/ 토지 2.8㎡
1638,서울특별시 문화재자료제73호,만해 한용운 심우송 병풍,2018-10-18,2,4,기록유산/서간류/서예/서예,1점(10폭)
1680,등록문화재제318호,순종어차,2006-12-04,2,4,등록문화재/기타/동산,1점
1681,등록문화재제319호,순종황후어차,2006-12-04,2,4,등록문화재/기타/동산,1점
1687,등록문화재제381호,뉴욕 월도프 아스토리아 호텔 게양 태극기,2008-08-12,7,13,등록문화재/기타/동산,1점
1688,등록문화재제382호,데니(O.N.Denny) 태극기,2008-08-12,8,14,등록문화재/기타/동산,1점 262㎝x182.5cm(대)
1690,등록문화재제395-1호,대한민국 임시의정원 태극기,2008-08-12,2,7,유물,1점
1691,등록문화재제395-2호,대한민국 임시의정원 태극기,2013-08-27,2,7,등록문화재/기타/동산,3점
1692,등록문화재제396호,이승만대통령 의전용 세단,2008-08-12,8,14,등록문화재/기타/동산/동산,1대
1693,등록문화재제397호,박정희대통령 업무용 세단,2008-08-12,8,14,등록문화재/기타/동산/동산,1대
1695,등록문화재제400호,기아 경3륜 트럭,2008-08-12,2,7,등록문화재/기타/동산,1대
1699,등록문화재제426호,전차 363호,2008-10-17,2,4,등록문화재/기타/동산/동산,1점
1700,등록문화재제428호,서울 구 용산철도병원 본관,2008-10-27,8,14,등록문화재/기타/의료시설,1동/ 지상2층/ 건축면적 1/255.21㎡/ 연면적 2/510.42㎡
1701,등록문화재제429호,벽걸이형 자석식 전화기,2009-04-22,2,4,등록문화재/기타/동산,1점
1702,등록문화재제430호,벽걸이형 공전식 전화기,2009-04-22,2,4,등록문화재/기타/동산,1점
1703,등록문화재제431호,벽걸이형 자동식 전화기,2009-04-22,2,4,등록문화재/기타/동산,1점
1704,등록문화재제432호,이중 전보송신기,2009-04-22,2,4,등록문화재/기타/동산/동산,1점
1705,등록문화재제433호,음향인자전신기,2009-04-22,2,4,등록문화재/기타/동산/동산,1점
1706,등록문화재제434호,인쇄전신기,2009-04-22,2,4,등록문화재/기타/동산/동산,1점
1707,등록문화재제435호,무장하 케이블 접속장치,2009-04-22,2,4,등록문화재/기타/동산/동산,1점
1712,등록문화재제442-1호,백범 김구 유묵 韓美親善平等互助,2009-06-26,8,14,등록문화재/기타/동산/동산,1점
1718,등록문화재제448호,에비슨의 수술장면 유리건판 필름,2009-10-12,8,14,등록문화재/기타/동산,1점
1719,등록문화재제449호,대한의원 개원 칙서,2009-10-12,2,4,등록문화재/기타/동산,1점
1721,등록문화재제451호,건칠반,2009-10-12,8,14,등록문화재/기타/동산(미술품),1건
1722,등록문화재제452호,은제이화문탕기,2009-10-12,2,4,등록문화재/기타/동산(미술품),1건
1723,등록문화재제453호,은제이화문화병,2009-10-12,2,4,등록문화재/기타/동산(미술품),1건
1724,등록문화재제454호,유제화형촛대,2009-10-12,5,10,등록문화재/기타/동산,1건
1726,등록문화재제459호,면제갑옷,2010-06-25,8,14,등록문화재/기타/동산,1건
1729,등록문화재제464호,휴전협정 조인시 사용 책상,2010-06-25,8,14,등록문화재/기타/동산,1건
1731,등록문화재제467호,전차 381호,2010-08-24,2,3,등록문화재/기타/동산,1건(길이13.7m?너비2.4m?높이3.2m)
1736,등록문화재제470-4호,김소월 시집 진달래꽃,2011-02-25,2,4,등록문화재/기타/동산,1점
1737,등록문화재제477호,빅타레코드 금속 원반,2011-10-17,2,4,등록문화재/기타/동산,1식(587매)
1740,등록문화재제482호,배설 만사집,2011-12-15,2,4,등록문화재/기타/동산,1권
1741,등록문화재제483호,배설 유품,2011-12-15,2,4,등록문화재/기타/동산,2점
1742,등록문화재제484-1호,일제강점기 문자보급교재,2011-12-15,2,4,등록문화재/기타/동산,4점
1744,등록문화재제485호,백악춘효(白岳春曉),2012-02-16,8,14,등록문화재/기타/동산(미술품),2점
1745,등록문화재제486호,운낭자상(雲娘子像),2012-02-16,8,14,등록문화재/기타/동산(미술품),1점
1760,등록문화재제509-2호,대한매일신보(大韓每日申報),2012-10-17,2,4,등록문화재/기타/동산,1식
1772,등록문화재제523호,말모이 원고,2012-12-24,8,15,등록문화재/기타/동산,1권
1773,등록문화재제524-1호,조선말 큰사전 원고,2012-12-24,2,4,등록문화재/기타/동산,12권
1775,등록문화재제526호,국어문법 원고,2012-12-24,2,4,등록문화재/기타/동산,1권(12줄 원고지 76매)
1781,등록문화재제538-1호,고바우 영감 원화,2013-02-21,2,7,등록문화재/기타/동산,6/496매
1788,등록문화재제549호,임시정부 법규,2013-08-27,2,7,등록문화재/기타/동산,4점
1789,등록문화재제550호,김붕준 일가 유물,2013-08-27,2,7,등록문화재/기타/동산,18점
1791,등록문화재제552-2호,공병우 세벌식 타자기,2013-08-27,2,4,등록문화재/기타/동산,1점
1794,등록문화재제559-2호,금성 라디오 A-501,2013-08-27,2,7,등록문화재/기타/동산,42.9(w)×17.5(h)×16.3(d)
1795,등록문화재제561-2호,금성 텔레비전 VD-191,2013-08-27,2,7,등록문화재/기타/동산,1점
1806,등록문화재제612호,프란체스카 여사 의복과 소품,2014-10-29,2,4,등록문화재/기타/동산,4건 5점
1807,등록문화재제613호,양단 아리랑 드레스,2014-10-29,2,4,등록문화재/기타/동산,3벌 5점
1809,등록문화재제616호,군용 담요 코트,2014-10-29,2,4,등록문화재/기타/동산,1점
1810,등록문화재제638호,채색필사본 대동여지도,2014-10-29,2,4,등록문화재,22첩[30.3×20.0㎝(첩당)]
1833,등록문화재제690호,김 골롬바와 아녜스 자매(석고상),2017-08-08,8,14,유물/일반조각/근대조각/근대조각,1점
1844,등록문화재제745-1호,이봉창 의사 선서문,2019-04-08,8,14,유물,1점
1845,등록문화재제745-2호,이봉창 의사 친필 편지/ 봉투 및 의거자금 송금증서,2019-04-08,8,14,기록유산/문서류,편지 24.1×16.5cm/ 봉투 13.0×7.8cm/ 송금증서 14.4×21.2cm
